relationship_id,scope_coded,region,ethnography_group,entity_a_canonical,entity_b_canonical,entity_a_type,entity_b_type,relation_type_coded,symmetry_coded,relation_labels,local_terms,supporting_quote_raw,confidence_mean,confidence_max,n_assertions,n_source_docs,source_docs,assertion_ids
b0c8beb4a4db,between_groups,CentralAfrica,Mbuti,Mbuti,Bira villagers,ethnic group,village,joking_relationship,mixed,group joking relationship,,"/Mbuti_Turnbull_1983_32_KS:p::/Mbuti_Turnbull_1983_32_KS::Yet with all this mockery and ridicule, and very real trickery, there was never a trace of malice or real hostility. If anything, it was really rather friendly ridicule, a form of group joking relationship that merely helped to establish the clear and necessary difference between “them” and “us.”

...they came to regard me with the same kind of rather amused disdain that they had, or pretended to have, for the Mbuti.",0.9,0.9,1,1,/Mbuti_Turnbull_1983_32_KS:p,851
28be32703919,between_groups,CentralAfrica,Mbuti,Mbuti,"kpara and karé (""brothers of the knife"", village men with whom they had shared the nkumbi initiation)",ethnic group,group,joking_relationship,non_symmetric,brothers of the knife / classical joking relationship,kpara and karé,"/Mbuti_Turnbull_1983_64_KS:p::/Mbuti_Turnbull_1983_64_KS::What the Mbuti liked best of all was a village that they took to be the best of the outside world, but with the least amount of pressure attached to it. There they put the classical joking relationship into action in a masterful way. Rather than bartering or trading, as villagers did, the Mbuti brought their kpara and karé (""brothers of the knife,"" village men with whom they had shared the nkumbi initiation) whatever they chose to bring by way of forest products, and did just as much work as they wanted to, in return helping themselves to whatever they wanted from their patrons' households or plantations.",0.9,0.9,1,1,/Mbuti_Turnbull_1983_64_KS:p,853
5491e70d15e6,between_groups,CentralAfrica,Mbuti,the Mbuti,neighboring African village farmers,ethnic group,village,joking_relationship,unclear,joking relationship,,"/Mbuti_Turnbull_1970_299_KS:p::/Mbuti_Turnbull_1970_299_KS::I describe what changes I found in 1970, when I returned with a colleague to the Ituri following the years of war. Here we see the process of change continuing, but with an uncertain sense of direction. ... But one thing that has not changed is my deep affection for the Mbuti, and although I am constrained by a joking relationship to say nasty things about them occasionally, for the neighboring African village farmers.",0.8,0.8,1,1,/Mbuti_Turnbull_1970_299_KS:p,850
de61188962e3,between_groups,CentralAfrica,Mbuti,the Pygmies,the Negroes,ethnic group,ethnic group,teasing,non_symmetric,joke at the expense of,,"/Mbuti_Turnbull_1962_44_KS:p::/Mbuti_Turnbull_1962_44_KS::Rather to my surprise this struck the Pygmies as being funny, and they began sniggering. Kenge, carefully dusting the last specks of earth from his spotless shorts, pretended to be severe and said this was no time for laughter. He then promptly cracked a joke at the expense of the Negroes and joined his friends in howls of mirth. ... but this time the disapproving looks they got from the Negroes discouraged them.",0.6,0.6,1,1,/Mbuti_Turnbull_1962_44_KS:p,848
51d752a21e33,between_groups,CentralAfrica,MbutiTurnball291KS,Mbuti,Bulibuli lineage,ethnic group,lineage,joking_relationship,unclear,joking relationship,,"/MbutiTurnball291KS:p::/MbutiTurnball291KS::More important, he describes how two Mbuti groups are fitted into the Amba lineage structure, but only partially so. They are both attached to Bulibuli lineages, each to a maximal lineage as a whole; yet they do not share full and equivalent relationships as Bulibuli with the other lineages of the same clan. Winter mentions that they stand in a joking relationship with only one of the maximal lineages.",0.8,0.8,1,1,/MbutiTurnball291KS:p,841
5809eb238ff7,between_groups,CentralAfrica,MbutiTurnbull292KS,Mbuti,villagers,ethnic group,ethnic group,joking_relationship,symmetric,joking relationship,,"/MbutiTurnbull292KS:p::/MbutiTurnbull292KS::In the Mbuti Villager situation the relationship appears to be symmetrical and permissive, though both sides do occasionally take offense... a form of joking relationship helps to stabilize the alliance, maintaining the combination of Radcliffe-Brown's “conjunctive and disjunctive components,”",0.9,0.9,1,1,/MbutiTurnbull292KS:p,842
cc866484f399,between_groups,CentralAfrica,MbutiTurnbull293KS,the Mbuti,the villagers,ethnic group,village,joking_relationship,non_symmetric,joking relationship,,"/MbutiTurnbull293KS:p::/MbutiTurnbull293KS::In view of the lengths to which the Mbuti carry the joking relationship, if it can be called that, convenient to maintain their bands in such constant and otherwise unnecessary flux. The Mbuti constantly raid village plantations, openly ridicule the villagers, and steal from under their noses, unless the villagers are particularly generous.",0.9,0.9,1,1,/MbutiTurnbull293KS:p,843
2298ded0bd65,between_groups,CentralAfrica,MbutiTurnbull294KS,Mbuti,villagers,ethnic group,village,joking_relationship,non_symmetric,joking relationship,,"/MbutiTurnbull294KS:p::/MbutiTurnbull294KS::Again the Mbuti employ the joking relationship to their advantage. They invoke claims upon kpara, karé , and “kin” without the slightest compunction, but when the same claims are reversed, they either deny or ridicule them.",0.9,0.9,1,1,/MbutiTurnbull294KS:p,844
d2d381c04848,between_groups,CentralAfrica,MbutiTurnbull299KS,the Mbuti,the villagers,ethnic group,ethnic group,joking_relationship,unclear,joking relationship,,"/MbutiTurnbull299KS:p::/MbutiTurnbull299KS::the Mbuti adopt only the outer form of the village social organization while in the village, in a form of joking relationship between the two groups. The joking relationship and the dual function of the Mbuti principles of organization effectively counter all attempts of the villagers to effect an institutional subordination of the Mbuti.",0.9,0.9,1,1,/MbutiTurnbull299KS:p,847
e26a6f48592e,between_groups,EasternAfrica,Amhara,Amhara students,foreign teachers,group,group,joking_relationship,non_symmetric,"informal, even joking, relations",,"/Amhara_Levine_1964_134_KS:p::/Amhara_Levine_1964_134_KS::The ambiguous status of foreign teachers and their frequent inability or unwillingness to play the traditional authoritarian role tends to weaken this, for the possibility of informal, even joking, relations with foreign teachers gives Amhara students their first taste of a more relaxed relation to authority figures.",0.7,0.7,1,1,/Amhara_Levine_1964_134_KS:p,403
8125fda11f4f,between_groups,EasternAfrica,Amhara,Arab traders,Orthodox Amhara women,ethnic group,group,teasing,non_symmetric,joke/tease in stores,,"/Amhara_Messing_1985_269_KS:p::/Amhara_Messing_1985_269_KS::Arab traders, particularly, like to joke with Orthodox Amhara women when the latter come to their stores; e.g., teasingly refusing to hand over goods after purchase has been made, or if the customer finds the price on a desired item too high, suggesting that payment might be made “another way”.",0.8,0.8,1,1,/Amhara_Messing_1985_269_KS:p,418
0cc636c8afc8,between_groups,EasternAfrica,Amhara,little boys,Begemidir,group,regional group,insulting_license,non_symmetric,art of insult,,"/Amhara_Messing_1985_263_KS:p::/Amhara_Messing_1985_263_KS::Little boys begin to practice the “art of insult” (brain, not only brawn) e.g. such ethnocentric insults as the following:

Question: “Where are you from?”

Reply:

“Begemidir”,

Response:

“Land of shysters and quibblers.”",0.8,0.8,1,1,/Amhara_Messing_1985_263_KS:p,411
b9f2542fe726,between_groups,EasternAfrica,Amhara,little boys,Gojjam,group,regional group,insulting_license,non_symmetric,art of insult,,"/Amhara_Messing_1985_263_KS:p::/Amhara_Messing_1985_263_KS::Question: “Where are you from?”

Reply:

“Gojjam”,

Response:

“Land of sorcerers (buda).”",0.8,0.8,1,1,/Amhara_Messing_1985_263_KS:p,413
fb64fcf7a553,between_groups,EasternAfrica,Amhara,little boys,Gonder,group,regional group,insulting_license,non_symmetric,art of insult,,"/Amhara_Messing_1985_263_KS:p::/Amhara_Messing_1985_263_KS::Question: “Where are you from?”

Reply:

“Gonder”,

Response:

“Gossipers and blabbermouths.”",0.8,0.8,1,1,/Amhara_Messing_1985_263_KS:p,414
482dd44e8947,between_groups,EasternAfrica,Amhara,little boys,Gurag[unknown]e,group,regional group,insulting_license,non_symmetric,art of insult,,"/Amhara_Messing_1985_263_KS:p::/Amhara_Messing_1985_263_KS::Question: “Where are you from?”

Reply:

“Gurag[unknown]e”,

Response:

“Land of tricksters.”",0.75,0.75,1,1,/Amhara_Messing_1985_263_KS:p,415
6813d8c7b7d7,between_groups,EasternAfrica,Amhara,little boys,Shewa,group,regional group,insulting_license,non_symmetric,art of insult,,"/Amhara_Messing_1985_263_KS:p::/Amhara_Messing_1985_263_KS::Question: “Where are you from?”

Reply:

“Shewa”,

Response:

“Land of liars and traitors.”",0.8,0.8,1,1,/Amhara_Messing_1985_263_KS:p,412
c4fff992603b,between_groups,EasternAfrica,Amhara,little boys,Tigrai,group,regional group,insulting_license,non_symmetric,art of insult,,"/Amhara_Messing_1985_263_KS:p::/Amhara_Messing_1985_263_KS::Question: “Where are you from?”

Reply:

“Tigrai”,

Response:

“Land of hotheads.”",0.8,0.8,1,1,/Amhara_Messing_1985_263_KS:p,416
225d78e603e1,between_groups,EasternAfrica,Chagga,Rindi of Moshi,Sina of Kibosho,village,village,joking_relationship,symmetric,bitter enemies / mutual ridicule,,"/Chagga_Guttman_1926_455_KS:p::/Chagga_Guttman_1926_455_KS::Rindi of Moshi and Sina of Kibosho were bitter enemies.
...
He stepped before Sina and talked in broken Chagga language: “Here, councellor, cousin yours yours sends it”
...
Sina had to laugh, and all of his men shook with laughter (menge ikavika nawanawa seko).",0.6,0.6,1,1,/Chagga_Guttman_1926_455_KS:p,498
441cb3bfa90d,between_groups,EasternAfrica,Gusii,esimbore singers,Abasuba,group,ethnic group,teasing,unclear,,esimbore,"/Gusii_Mayer_1952_15_KS:p::/Gusii_Mayer_1952_15_KS::When one or two groups of novices have been dealt with, the circumciser leads off the singing of the esimbore. ... The song enumerates, as will be seen, things unmentionable for initiated males, except as deliberate or joking insults.
...
Orwane Bosoba, orwane Bosoba! Fight the Abasuba, fight the",0.7,0.7,1,1,/Gusii_Mayer_1952_15_KS:p,588
267b8f5c117b,between_groups,EasternAfrica,Gusii,esimbore singers,Kipsigis,group,ethnic group,teasing,unclear,,esimbore,"/Gusii_Mayer_1952_15_KS:p::/Gusii_Mayer_1952_15_KS::When one or two groups of novices have been dealt with, the circumciser leads off the singing of the esimbore. ... The song enumerates, as will be seen, things unmentionable for initiated males, except as deliberate or joking insults.
...
Orwane Sigisi, orwane Sigisi! Fight the Kipsigis, fight th",0.7,0.7,1,1,/Gusii_Mayer_1952_15_KS:p,587
a71fbf7cd739,between_groups,EasternAfrica,Luguru,Luguru,Mbunga,ethnic group,ethnic group,joking_relationship,symmetric,utani or ugonga,utani or ugonga,"/Luguru_Biedelman_1967_28_KS:p::/Luguru_Biedelman_1967_28_KS::Joking relations exist between Luguru and certain tribal groups such as the Mbunga, Pogoro, Zaramo and Nyamwezi;",0.9,0.9,1,1,/Luguru_Biedelman_1967_28_KS:p,764
a4b8f1adca40,between_groups,EasternAfrica,Luguru,Luguru,Nyamwezi,ethnic group,ethnic group,joking_relationship,symmetric,utani or ugonga,utani or ugonga,"/Luguru_Biedelman_1967_28_KS:p::/Luguru_Biedelman_1967_28_KS::Joking relations exist between Luguru and certain tribal groups such as the Mbunga, Pogoro, Zaramo and Nyamwezi;",0.9,0.9,1,1,/Luguru_Biedelman_1967_28_KS:p,767
54ee472cf879,between_groups,EasternAfrica,Luguru,Luguru,Pogoro,ethnic group,ethnic group,joking_relationship,symmetric,utani or ugonga,utani or ugonga,"/Luguru_Biedelman_1967_28_KS:p::/Luguru_Biedelman_1967_28_KS::Joking relations exist between Luguru and certain tribal groups such as the Mbunga, Pogoro, Zaramo and Nyamwezi;",0.9,0.9,1,1,/Luguru_Biedelman_1967_28_KS:p,765
6c459877bf67,between_groups,EasternAfrica,Luguru,Luguru,Zaramo,ethnic group,ethnic group,joking_relationship,symmetric,utani or ugonga,utani or ugonga,"/Luguru_Biedelman_1967_28_KS:p::/Luguru_Biedelman_1967_28_KS::Joking relations exist between Luguru and certain tribal groups such as the Mbunga, Pogoro, Zaramo and Nyamwezi;",0.9,0.9,1,1,/Luguru_Biedelman_1967_28_KS:p,766
e33c224ca538,between_groups,EasternAfrica,Luguru,clans (and tribes),clans (and tribes),clan,clan,joking_relationship,symmetric,utani (between clans and tribes),utani; ugongo,"/Luguru_Brain_1971_822_KS:p::/Luguru_Brain_1971_822_KS::Utani in Swahili means a joking relationship , in which the partners are called mtani, plural watani. This relationship is called ugongo in Luguru, and the partners are termed mgongo, plural wagongo.",0.85,0.85,1,1,/Luguru_Brain_1971_822_KS:p,772
de040202ed58,between_groups,EasternAfrica,Luguru,the Luguru,Wa-Mbunga,ethnic group,ethnic group,joking_relationship,symmetric,utani / joking relationship,utani,"/Luguru_Hamdani_2001_4_KS:p::/Luguru_Hamdani_2001_4_KS::The Luguru have joking relationship with several other ethnic groups including the Wa-Mbunga, Wa-Pogoro, Wa-Nyamwezi, and Wa-Sukuma. (Lucas, 1974).",0.9,0.9,1,1,/Luguru_Hamdani_2001_4_KS:p,801
e2d4029d0b24,between_groups,EasternAfrica,Luguru,the Luguru,Wa-Nyamwezi,ethnic group,ethnic group,joking_relationship,symmetric,utani / joking relationship,utani,"/Luguru_Hamdani_2001_4_KS:p::/Luguru_Hamdani_2001_4_KS::The Luguru have joking relationship with several other ethnic groups including the Wa-Mbunga, Wa-Pogoro, Wa-Nyamwezi, and Wa-Sukuma. (Lucas, 1974).",0.9,0.9,1,1,/Luguru_Hamdani_2001_4_KS:p,803
6affbf1552a3,between_groups,EasternAfrica,Luguru,the Luguru,Wa-Pogoro,ethnic group,ethnic group,joking_relationship,symmetric,utani / joking relationship,utani,"/Luguru_Hamdani_2001_4_KS:p::/Luguru_Hamdani_2001_4_KS::The Luguru have joking relationship with several other ethnic groups including the Wa-Mbunga, Wa-Pogoro, Wa-Nyamwezi, and Wa-Sukuma. (Lucas, 1974).",0.9,0.9,1,1,/Luguru_Hamdani_2001_4_KS:p,802
77198d0df6dc,between_groups,EasternAfrica,Luguru,the Luguru,Wa-Sukuma,ethnic group,ethnic group,joking_relationship,symmetric,utani / joking relationship,utani,"/Luguru_Hamdani_2001_4_KS:p::/Luguru_Hamdani_2001_4_KS::The Luguru have joking relationship with several other ethnic groups including the Wa-Mbunga, Wa-Pogoro, Wa-Nyamwezi, and Wa-Sukuma. (Lucas, 1974).",0.9,0.9,1,1,/Luguru_Hamdani_2001_4_KS:p,804
0bcccbce9e5e,between_groups,EasternAfrica,NyakyusaandNgonde,Nyakyusa,Ngoni,ethnic group,ethnic group,joking_relationship,symmetric,joking partners,,"/NyakyusaandNgonde_Wilson_1977_170_KS:p::/NyakyusaandNgonde_Wilson_1977_170_KS::The Ngoni were spoken of as equals who, without question, could be joking partners of Nyakyusa at labour centres (M. Wilson 1957b).",0.9,0.9,1,1,/NyakyusaandNgonde_Wilson_1977_170_KS:p,940
464ea01deb53,between_groups,EasternAfrica,Okiek,Okiek,Maasai,ethnic group,ethnic group,joking_relationship,mixed,joking,,"/Okiek_Kratz_1990_451_KS:p::/Okiek_Kratz_1990_451_KS::Okiek are represented as trickster figures: cunning, greedy, unrestrained, and violators of accepted standards of social life and behavior in various ways.
Joking, apparent or real accommodation, and a certain diffidence characterize many Okiek interactions with Maasai, whatever the actual balance of goods, services, and reliance.",0.9,0.9,1,1,/Okiek_Kratz_1990_451_KS:p,946
8ad6b6a3f1fd,between_groups,EasternAfrica,Somali,Abgâl ‘Ismân,other tribes,ethnic group,group,teasing,non_symmetric,ironical jokes,,/Somali_Cerulli_1964_62_KS:p::/Somali_Cerulli_1964_62_KS::which is the subject of ironical jokes on the part of the other tribes ( 2 ).,0.6,0.6,1,1,/Somali_Cerulli_1964_62_KS:p,977
81a421c98890,between_groups,EasternAfrica,Somali,D[unknown]ar[unknown]od /Daarood/,Hawâdlä,ethnic group,clan,joking_relationship,mixed,vaunt/poetic mockery,,"/Somali_Cerulli_1959_93_KS:p::/Somali_Cerulli_1959_93_KS::The poet, before considering the Hawiyya peoples of the middle W[unknown]ebi, turns to the D[unknown]ar[unknown]od tribes (of Northern Somalia)... . The poet now begins to mock the [unknown]Haw[unknown]adlä tribe (belonging to the Hawiyya)...",0.85,0.85,1,1,/Somali_Cerulli_1959_93_KS:p,971
c10308b85d75,between_groups,EasternAfrica,Somali,Hawiye,Barísä Mant[unknown]an,ethnic group,lineage,joking_relationship,unclear,proverbary mockery,Barísä Mantân mâl la[unknown]gá hevhívo,"/Somali_Cerulli_1959_120_KS:p::/Somali_Cerulli_1959_120_KS::“To ask the Barísä Mant[unknown]an for money is [like] an elephant that wants to feed on grass during the dry season.”

They joke about the attachment of the Barisä Mant[unknown]an to their goods.",0.7,0.7,1,1,/Somali_Cerulli_1959_120_KS:p,967
bff6866a163b,between_groups,EasternAfrica,Somali,Hawiye,Dínl[unknown]a Mant[unknown]an,ethnic group,lineage,joking_relationship,unclear,proverbary mockery,sírta Dínl[unknown]a Mantân,"/Somali_Cerulli_1959_120_KS:p::/Somali_Cerulli_1959_120_KS::“The astuteness of the Dîhlä Mant[unknown]an and the ground under which one has dug are equally deep.”

“The cunning of the Dinlä Mant[unknown]an proceeds underground like a gallery dug under the ground, for instance, by the faranfar (the heterocephalus glaber, the rodent so widespread in the Somalian woodland).",0.7,0.7,1,1,/Somali_Cerulli_1959_120_KS:p,966
47cd3d7d2ec6,between_groups,EasternAfrica,Somali,Hawiye,M[unknown]obil[unknown]en,ethnic group,clan,joking_relationship,unclear,proverbary mockery,mâlin maráy kú härgál,"/Somali_Cerulli_1959_120_KS:p::/Somali_Cerulli_1959_120_KS::“You should spend midday under a maray tree and at night ask a M[unknown]obil[unknown]en for hospitality!”

“The maray tree does not give shade because of its very scarce leaves, just as the M[unknown]obil[unknown]en are scarcely hospitable because of their notorious parsimony.",0.7,0.7,1,1,/Somali_Cerulli_1959_120_KS:p,965
6ecdb9ca594f,between_groups,EasternAfrica,Somali,Hawiye,‘Áli ‘Êli,ethnic group,lineage,joking_relationship,unclear,proverbary mockery,‘árra ‘ád bêr mahín. ‘ar[unknown]otóy nâg mahín. ‘ási wîl mahín. ‘ambúlo sôr mahín. ‘Áli ‘Êli ‘íd mahín,"/Somali_Cerulli_1959_120_KS:p::/Somali_Cerulli_1959_120_KS::“The white land is not a garden. The wife who runs away is not a wife. The disobedient one is not a son. The boiled durra is not polenta. The ‘Ali ‘[unknown]Eli are not a tribe.”

The ‘Ali ‘[unknown]Eli, one of the stirpes of the ‘[unknown]Eli ‘Umar of the W[unknown]ar[unknown]s[unknown]e[unknown]h zone, are thus mocked.",0.7,0.7,1,1,/Somali_Cerulli_1959_120_KS:p,968
8c3bededcaf3,between_groups,EasternAfrica,Somali,the pastoralists of the woodland,"the Hawiyya tribes settled in the villages of the ""black land""",regional group,ethnic group,joking_relationship,non_symmetric,,saddehliya,"/Somali_Cerulli_1959_114_KS:p::/Somali_Cerulli_1959_114_KS::Thus the pastoralists of the woodland joke about the unexpected attitudes of the Hawiyya tribes settled in the villages of the “black land” of the valley of the W[unknown]ebi (B[unknown]adi ‘Add[unknown]a, M[unknown]olk[unknown]al, M[unknown]obil[unknown]en, etc.), tribes that have fewer scruples in some of their attitudes than the people of the woodland remaining more attached to the customs.",0.7,0.7,1,1,/Somali_Cerulli_1959_114_KS:p,964
478fe82d6f2a,between_groups,NorthernAfrica,BerbersofMorocco,Gzennaya,students from the Jebala,regional group,regional group,joking_relationship,non_symmetric,practical joking/exclusion,,"/BerbersofMorocco_Coon_1931_116_KS:p::/BerbersofMorocco_Coon_1931_116_KS::Before European occupation, these western students did not meet with a warm reception in the Rif. They were frequently refused entrance to some districts. In others, so many jokes were played upon them that they left hurriedly and never returned.
On one occasion, Jebalan students entered the mosque in a canton of the Gzennaya, leaving outside a mule which they had brought with them.",0.8,0.8,1,1,/BerbersofMorocco_Coon_1931_116_KS:p,493
b2a01af72970,between_groups,NorthernAfrica,BerbersofMorocco,The Riffians,the Senhajans,ethnic group,ethnic group,joking_relationship,non_symmetric,a joke on,,"/BerbersofMorocco_Coon_1931_141_KS:p::/BerbersofMorocco_Coon_1931_141_KS::The Riffians tell the story as a joke on the Senhajans, and although this circumstance does not necessarily render the tale false it does not increase its chances of being true.",0.8,0.8,1,1,/BerbersofMorocco_Coon_1931_141_KS:p,495
0a8e3fbd4beb,between_groups,NorthernAfrica,LibyanBedouin,Saadi,Marabtin,ethnic group,ethnic group,joking_relationship,non_symmetric,deride / joke about,,"/LibyanBedouin_Obermeyer_1973_265_KS:p::/LibyanBedouin_Obermeyer_1973_265_KS::Since the time of Muhammad, the Bedouins have been considered notoriously bad Muslims. Today, the Bedouins tend to joke about their lack of zeal, and often point out that “holy men” are not to be trusted. This is seen in Saadi behavior toward the Marabtin tribes who are their vassals. Theoretically, the Marabtin who trace descent to the Prophet and might be considered “sacred Tribes” should be respected by the “secular” Saadi tribes. But the Saadi of al-Qasr tend to deride the Marabit.",0.9,0.9,1,1,/LibyanBedouin_Obermeyer_1973_265_KS:p,759
65c3106bad0b,between_groups,NorthernAfrica,LibyanBedouin,older Bedouin women,"some Bedouins from the cities (""followers of the model"")",group,regional group,teasing,non_symmetric,mocking / making fun,,"/LibyanBedouin_AbuLughod_1993_235_KS:p::/LibyanBedouin_AbuLughod_1993_235_KS::Their reactions to the sanctimonious Egyptians—and now to some Bedouins from the cities, who were becoming, as they put it, “followers of the model,” meaning the life of the Prophet—have been mixed. The older women are not cowed. They argue... They resent being told that some of the ways they have demonstrated their devoutness are wrong.",0.7,0.7,1,1,/LibyanBedouin_AbuLughod_1993_235_KS:p,755
714fc741a0f4,between_groups,NorthernAfrica,Nubians,Nubians,Europeans,ethnic group,ethnic group,teasing,non_symmetric,joke about sexual propensities,,"/Nubians_Kennedy_1977_55_KS:p::/Nubians_Kennedy_1977_55_KS::Indeed, the men of Kanuba joke about the sexual propensities of other nationalities and ethnic groups and say that Nubian men and European women make good partners because the sexual desires of each are strong compared with their counterparts in their own groups.",0.9,0.9,1,1,/Nubians_Kennedy_1977_55_KS:p,914
185b1bd778ef,between_groups,NorthernAfrica,Nubians,Nubians,their employers,ethnic group,group,joking_relationship,non_symmetric,inside jokes,,"/Nubians_Fernea_1991_190_KS:p::/Nubians_Fernea_1991_190_KS::Working as servants, surrounded by non-Nubians, Nubians spoke their own language, a practice which, like the employment itself, was both stigmatizing and at the same time offered a degree of independence. Thus Nubians could discuss their work, criticize their employers and share “inside” jokes, which provided them with a sense of superiority over others, even while their language marked them as barabra.",0.7,0.7,1,1,/Nubians_Fernea_1991_190_KS:p,912
2451b5cba49a,between_groups,NorthernAfrica,Tuareg,all Tuareg,Imeggedezen,ethnic group,ethnic group,joking_relationship,symmetric,,abubaz (ibubazen),"/Tuareg_Nicolaisen_1963_429_KS:p::/Tuareg_Nicolaisen_1963_429_KS::This is true also of present day joking between noble Tuareg and vassals, and between all Tuareg and various black-skinned people such as the Imeggedezen and even slaves.",0.9,0.9,1,1,/Tuareg_Nicolaisen_1963_429_KS:p,1049
0c4e7dd1a834,between_groups,SouthernAfrica,san,farm Bushmen,Europeans,ethnic group,ethnic group,joking_relationship,unclear,,,"/san_guenther_166_sv:p::/san_guenther_166_sv::Carstens (1971: –43) has noted this paradoxical psychological reaction in other situations of dependence and dominance—among South African and Canadian reserve dwellers—and discusses a variety of mechanisms of curbing aggression (such as joking behaviour between members of the two groups, work sabotage, and direction of overt aggression unto members of ones own group).",0.8,0.8,1,1,/san_guenther_166_sv:p,1136
93732ca594ee,between_groups,SouthernAfrica,tonga,Sinafwala,Madonda,village,village,insulting_license,non_symmetric,Drum-song public shaming,,"/tonga_colson_178_1967_sv:p::/tonga_colson_178_1967_sv::The young people of Sinafwala danced gaily to a song that described the thievish nature of the people of Madonda Village after the latter had stolen hippo meat apportioned to Sinafwala. Both Sinafwala and Madonda belong to the CHEZIA Drum, so the song of the hippo never became a Drum song.",0.75,0.75,1,1,/tonga_colson_178_1967_sv:p,1449
dfae9e7b7a2a,between_groups,SouthernAfrica,tonga,Tonga,Lozi,ethnic group,ethnic group,joking_relationship,symmetric,Lozi-Tonga joking-relationship,bujwanyina,"/tonga_colson_179_1967_sv:p::/tonga_colson_179_1967_sv::Then Tonga men are treated as joking-partners by Lozi, and the two help one another.",0.9,0.9,1,1,/tonga_colson_179_1967_sv:p,1452
484283cf76d2,between_groups,WesternAfrica,Akan,Ashanti,Nzima,ethnic group,ethnic group,joking_relationship,symmetric,privileged familiarity,,/Akan_Fortes_273_NK:p::/Akan_Fortes_273_NK::Conventionalized joking is not customary in any Ashanti kinship relationship. The nearest approach to a joking relationship is the privileged familiarity that obtains between Ashanti and some neighbouring Akan peoples like the Nzima. || /Akan_Fortes__273_KS:p::/Akan_Fortes__273_KS::Conventionalized joking is not customary in any Ashanti kinship relationship. The nearest approach to a joking relationship is the privileged familiarity that obtains between Ashanti and some neighbouring Akan peoples like the Nzima.,0.85,0.85,2,2,/Akan_Fortes_273_NK:p; /Akan_Fortes__273_KS:p,391;393
181c6a0ba89d,between_groups,WesternAfrica,Bambara,Bozo,Dogon,ethnic group,ethnic group,joking_relationship,symmetric,joking relationships; senãnku / alliance; senãnkuya,"măgu (Dogon), dagana (Bozo), senãnkuya; senãnkuya / măgu (Dogon) / dagana (Bozo)","/Bambara_119_NK:p::/Bambara_119_NK::Thus, a Koulibali is a Kéita's senãnku among the Bambara; Bozo and Dogon as well as Bozo and Somono are also senãnku || /Bambara_79_NK:p::/Bambara_79_NK::The myths of both groups mention the apparition of the Bozo on earth as coinciding with the beginning of 51 Faro's actions which, in turn, coincides with the development of techniques among the Bambara, and with the “third word” of the Dogon (1). In addition, the “joking relationships” which they maintain with the Dogon and which go back to the origin of a whole system of tribal and intertribal alliances clearly indicate the importance of the symbolic role conferred upon them (2). || /Bambara_Dieterlin_119_KS:p::/Bambara_Dieterlin_119_KS::A Dogon and a Bozo are twins, each carrying a particle of the other in his body and soul. || /Bambara_Germaine_79_KS:p::/Bambara_Germaine_79_KS::The myths of both groups mention the apparition of the Bozo on earth as coinciding with the beginning of 51 Faro's actions which, in turn, coincides with the development of techniques among the Bambara, and with the “third word” of the Dogon (1). In addition, the “joking relationships” which they maintain with the Dogon and which go back to the origin of a whole system of tribal and intertribal alliances clearly indicate the importance of the symbolic role conferred upon them (2).",0.925,0.95,4,4,/Bambara_119_NK:p; /Bambara_79_NK:p; /Bambara_Dieterlin_119_KS:p; /Bambara_Germaine_79_KS:p,457;462;467;470
6f66d45ca57a,between_groups,WesternAfrica,Bambara,Bozo,Peul,ethnic group,ethnic group,joking_relationship,symmetric,senãnku / alliance; senãnkuya / alliance,senãnkuya,"/Bambara_119_NK:p::/Bambara_119_NK::Moreover, within this last group, several types of alliances can be observed: some involve exogamy (Dogon and Bozo: Bozo and Peul, etc…); others exclude the possibility of carrying out purification rites. || /Bambara_Dieterlin_119_KS:p::/Bambara_Dieterlin_119_KS::Moreover, within this last group, several types of alliances can be observed: some involve exogamy (Dogon and Bozo: Bozo and Peul, etc…)",0.85,0.85,2,2,/Bambara_119_NK:p; /Bambara_Dieterlin_119_KS:p,459;469
4cf6ffc8c10a,between_groups,WesternAfrica,Bambara,Bozo,Somono,ethnic group,ethnic group,joking_relationship,symmetric,senãnku,dyo benatye / senãnkuya; senãnkuya,"/Bambara_119_NK:p::/Bambara_119_NK::Thus, a Koulibali is a Kéita's senãnku among the Bambara; Bozo and Dogon as well as Bozo and Somono are also senãnku || /Bambara_Dieterlin_119_KS:p::/Bambara_Dieterlin_119_KS::Thus, a Koulibali is a Kéita's senãnku among the Bambara; Bozo and Dogon as well as Bozo and Somono are also senãnku",0.9,0.9,2,2,/Bambara_119_NK:p; /Bambara_Dieterlin_119_KS:p,458;468
18752853451a,between_groups,WesternAfrica,Bambara,Koulibali,Tangara,patronym,ethnic group,alliance,symmetric,blood alliance,,"/Bambara_119_NK:p::/Bambara_119_NK::Koulibali and a Tangara, bound by a long and durable friendship, decided to seal it in a lasting way. They opened their veins and put a little blood from one wound into the other, thus realizing the alliance through this exchange.",0.9,0.9,1,1,/Bambara_119_NK:p,460
a0117c99438a,between_groups,WesternAfrica,Dogon,All Dogon,the Bozo,ethnic group,ethnic group,joking_relationship,symmetric,mock-kinship,mangu,"/Dogon_Parin_59_NK:p::/Dogon_Parin_59_NK::All Dogon have a mock-kinship with the Bozo, members of a tribe of fishermen who live somewhat beyond, on the Niger.",0.95,0.95,1,1,/Dogon_Parin_59_NK:p,523
94a5f2149000,between_groups,WesternAfrica,Dogon,Bozo,Bozo,ethnic group,ethnic group,joking_relationship,symmetric,joking kinship / cathartic relationship; joking relationship; cathartic association; kinship ties modeled on joking relationship; mangu; joking relationship; ‘joking relationship’,fish that walk on land; mangu; mà[unavailable]u mà[unavailable]a; má[unavailable]a; má[unavailable]u; sorogon,"/Dogon_Calame_305_NK:p::/Dogon_Calame_305_NK::These two people are joined in a “joking relationship” or “cathartic association,” má[unavailable]a which means to “knead into a ball.” According to Griaule this relationship gives rise to several forms of exchange of “material, moral and religious services rendered: hospitality, the administering of food and of purification, and ritual activities” (1948a: ). The relationship also gives rise to various taboos chiefly concerning sexual relationships, spilled blood, and release of tension through taunts and insults. || /Dogon_Calame_450_NK:p::/Dogon_Calame_450_NK::We should recall that this institution among the Dogon is the model for their kinship ties with the Bozo and that a system of relationship of the same type can be found internally between regions, villages, and families (Griaule 1948b: ). || /Dogon_Griaule_107_NK:p::/Dogon_Griaule_107_NK::The original situation of the ideal couple—twins enclosed in the same egg—is also illustrated in a religious and economic relationship maintained between the Dogon and the Bozo which has existed, it is said, from the earliest times. This institution, which flourishes over a wide area, is known as a ‘joking relationship’, though the term ‘cathartic alliance’ has been suggested for it. || /Dogon_Griaule_215_NK:p::/Dogon_Griaule_215_NK::Fish and men are twins, and the Bozo is himself of water, being the first fisherman of the Niger and the master of the river. The Bozo maintain what is called a ‘joking relationship’ with the Dogon who traditionally refer to them as ‘fish that walk on land’. || /Dogon_Griaule_26_NK:p::/Dogon_Griaule_26_NK::The Dogon, who are farmers, maintain special relations with the Bozo, fishermen of the Niger, which the Dogon call sorogon; they are united through a cathartic relationship or “joking kinship,” which implies the observance of a certain number of prohibitions and also mutual aid. both rigorously defined.",0.89,0.9,5,5,/Dogon_Calame_305_NK:p; /Dogon_Calame_450_NK:p; /Dogon_Griaule_107_NK:p; /Dogon_Griaule_215_NK:p; /Dogon_Griaule_26_NK:p,507;513;516;517;520
8db567bfddea,between_groups,WesternAfrica,Dogon,Dogon,the White,ethnic group,ethnic group,joking_relationship,unclear,mocking-relationship,,"/Dogon_Parin_506_NK:p::/Dogon_Parin_506_NK::For example, if an attitude of the analyst led to the fact that the analysand felt dependent on him, as on a patron, he might address a ritual joke to the White. This immediately restored his self-awareness and made possible another form of transference.",0.6,0.6,1,1,/Dogon_Parin_506_NK:p,522
b93ab4413131,between_groups,WesternAfrica,Dogon,Sanga,Ireli,village,village,joking_relationship,non_symmetric,mockery,,"/Dogon_Griaule_222_NK:p::/Dogon_Griaule_222_NK::The people of Sanga mock the people of Ireli by saying:

yogo ireli s˛o yakoh[unknown]
ad[unknown]n[unknown] ¯na ku diana.
Tomorrow there will be tales at Ireli
Because (someone named) Adene has cooked an Ox's head.
Sanga.",0.8,0.8,1,1,/Dogon_Griaule_222_NK:p,518
bbedef3a6619,between_groups,WesternAfrica,Dogon,Sanga,Yendoumman,village,village,joking_relationship,non_symmetric,mockery / superiority song,,"/Dogon_Griaule_222_NK:p::/Dogon_Griaule_222_NK::According to the people of Sanga, the villages of Yendoumman were built
upon ground that is without rocks, which to their eyes is an inconvenience,
perhaps because of the termites which cannot live in a rocky place but swarm
in the loose earth.

In order to celebrate their superiority, the people of Sanga sing:

yendummã de sãga ir[unknown]
sãgana taba yak˛o.
Sanga is worth more than Yendoumman
At Sanga, there are rocks.",0.8,0.8,1,1,/Dogon_Griaule_222_NK:p,519
87141bfb5585,between_groups,WesternAfrica,Dogon,Upper Ogol,Lower Ogol,village,village,joking_relationship,mixed,village taunts / inter-village teasing,,"/Dogon_Calame_450_NK:p::/Dogon_Calame_450_NK::In the competition the men from Upper Ogol were proved inferior to the contestants from Lower Ogol, and the winners assailed the losers with taunts. A veritable pitched battle ensued with an exchange of blows using staffs and rocks, and only the intervention of the masks brought it successfully to an end.",0.9,0.9,1,1,/Dogon_Calame_450_NK:p,514
45f935fd4092,between_groups,WesternAfrica,Dogon,people of different dialect groups,each other,group,group,joking_relationship,symmetric,village taunts,,/Dogon_Calame_450_NK:p::/Dogon_Calame_450_NK::It is the same with “village taunts” exchanged by people of different dialect groups when they meet. Straight away they stamp their dialogue with a merry spirit.,0.75,0.75,1,1,/Dogon_Calame_450_NK:p,515
b2ba0a1c37b3,between_groups,WesternAfrica,Fulani,Bororo,dillalai-mahautaa,ethnic group,caste,joking_relationship,non_symmetric,dendiraagal,dendiraagal,"/Fulani_Dupire_349_NK:p::/Fulani_Dupire_349_NK::Among the Bororo, servile relations have become very much lessened in content and have actually been assimilated into a sort of joking relationship (dendiraagal).",0.9,0.9,1,1,/Fulani_Dupire_349_NK:p,537
2f9b0b83d0a8,between_groups,WesternAfrica,Fulani,WoDaaBe,Beriberi,ethnic group,ethnic group,joking_relationship,non_symmetric,dendiraagal; joking-relationship,Dendiraagal,"/Fulani_Kaartinen_7_NK:p::/Fulani_Kaartinen_7_NK::Ancient marriages8 between Wodaabe headmen and their Beriberi and Kanouri neighbors, as well as between Wodaabe and the slaves they acquired during the period of jihad, have remained as a basis of dendiraagal between Woodaabe and their ancient allies and serfs (ibid.: 27, 29, 37, ; 1970, ). || /Fulani_Kristin_159_NK:p::/Fulani_Kristin_159_NK::Interrelations with the Beriberi in Niamey are characterized by a joking-relationship, which is similar to that between WoDaaBe cross-cousins (Dupire 1962a:27).",0.825,0.95,2,2,/Fulani_Kaartinen_7_NK:p; /Fulani_Kristin_159_NK:p,544;549
1a67d07a554d,between_groups,WesternAfrica,Fulani,Wodaabe,Kanouri,ethnic group,ethnic group,joking_relationship,non_symmetric,dendiraagal,Dendiraagal,"/Fulani_Kaartinen_7_NK:p::/Fulani_Kaartinen_7_NK::Ancient marriages8 between Wodaabe headmen and their Beriberi and Kanouri neighbors, as well as between Wodaabe and the slaves they acquired during the period of jihad, have remained as a basis of dendiraagal between Woodaabe and their ancient allies and serfs (ibid.: 27, 29, 37, ; 1970, ).",0.7,0.7,1,1,/Fulani_Kaartinen_7_NK:p,545
61040cfa105c,between_groups,WesternAfrica,Fulani,Wodaabe,the slaves they acquired during the period of jihad,ethnic group,group,joking_relationship,non_symmetric,dendiraagal,Dendiraagal,"/Fulani_Kaartinen_7_NK:p::/Fulani_Kaartinen_7_NK::Ancient marriages8 between Wodaabe headmen and their Beriberi and Kanouri neighbors, as well as between Wodaabe and the slaves they acquired during the period of jihad, have remained as a basis of dendiraagal between Woodaabe and their ancient allies and serfs (ibid.: 27, 29, 37, ; 1970, ).",0.6,0.6,1,1,/Fulani_Kaartinen_7_NK:p,546
587e45a6a9f3,between_groups,WesternAfrica,Fulani,sedentary Fulani,sarakolle,ethnic group,group,joking_relationship,non_symmetric,sarakolle,sarakolle,/Fulani_Dupire_349_NK:p::/Fulani_Dupire_349_NK::In Fouta-Jalon this relationship existed in a parallel form between the sedentary Fulani and the traders whom they protected and whom they called “their sarakolle.”,0.7,0.7,1,1,/Fulani_Dupire_349_NK:p,539
4d526e43523d,between_groups,WesternAfrica,Hausa,Barebare,Fulani,ethnic group,ethnic group,joking_relationship,symmetric,joking relations,,"/Hausa_Baba_102_NK:p::/Hausa_Baba_102_NK::we are Kado—Habe, the people who have been here since long before the Fulani came; Habe are free, not like a dimajo or a bacucane, they are two names for the same thing—the son of a slave, a man born in captivity. We came from Bornu but we were like Habe, and my family did not like to marry

 ) But the chief of the town was a Fulani, and

Regulation Of

Avuncular And
Nepotic Relatives

Regulation Of

into families who  held ruling titles, in spite of the fact that Bornu people
and Fulani are joking relations—Barebare and Fulani. (
 ) That was why
could not marry Sarkin Zarewa’s son.",0.9,0.9,1,1,/Hausa_Baba_102_NK:p,597
b3fec62a5ed5,between_groups,WesternAfrica,Hausa,Beriberi,Fulani,ethnic group,ethnic group,joking_relationship,symmetric,,wasan nangi,"/Hausa_Beik_215_NK:p::/Hausa_Beik_215_NK::Mai Samari: In this country the Beriberi joke with the Fulani, right?",0.9,0.9,1,1,/Hausa_Beik_215_NK:p,620
3e0f9672dc00,between_groups,WesternAfrica,Hausa,"Buzaye (serfs of the Asben people, Tuareg)",blacksmiths,caste,caste,joking_relationship,symmetric,,Buzaye,"/Hausa_Smith_43_NK:p::/Hausa_Smith_43_NK::Joking relationships also hold between ethnic groups and occupational groups, such as Buzaye (serfs of the Asben people, Tuareg) and blacksmiths.",0.9,0.9,1,1,/Hausa_Smith_43_NK:p,670
909233bdb882,between_groups,WesternAfrica,Hausa,Dukawa,Kamberi,ethnic group,ethnic group,joking_relationship,symmetric,abokin wasar; allies and enjoyed a joking relationship; jokingrelationship,abokin wasar,"/Hausa_Salamone_121_NK:p::/Hausa_Salamone_121_NK::The Dukawa, their closest friends, have tended to look down on the Kamberi for their “shyness” even while maintaining their joking relationship ( abokin wasar ) with them. || /Hausa_Salamone_40_NK:p::/Hausa_Salamone_40_NK::The Dukawa and Kamberi, in fact, have maintained a jokingrelationship with one another, stressing their traditional friendship and based on a common legend. As one would expect, the punch line of the legend varies, depending on the ethnic affiliation of the narrator. || /Hausa_Salamone_45_NK:p::/Hausa_Salamone_45_NK::It is suggestive that they provided wives for every ethnic group in Yauri except the Dukawa, who were already their allies and enjoyed a joking relationship with them.",0.917,0.95,3,3,/Hausa_Salamone_121_NK:p; /Hausa_Salamone_40_NK:p; /Hausa_Salamone_45_NK:p,650;651;652
ac8894518ac4,between_groups,WesternAfrica,Hausa,Fulani,Kanuri (Barebare),ethnic group,ethnic group,joking_relationship,symmetric,joking relations,,"/Hausa_Baba_24_NK:p::/Hausa_Baba_24_NK::The second classification of Hausa marriages distinguishes primarily
between marriages of kinship or quasi-kinship and marriages between

unrelated persons. The former type ( auren zumunci, auren dangintaka )
includes all forms of cousin-marriage, and holds between members of
different occupational or even ethnic groups which are defined as joking
relations, such as the Fulani and the Kanuri (Barebare).",0.9,0.9,1,1,/Hausa_Baba_24_NK:p,610
113fa141e2d1,between_groups,WesternAfrica,Hausa,Gwari,man from Gobir,ethnic group,regional group,joking_relationship,symmetric,,wasan nangi,"/Hausa_Beik_215_NK:p::/Hausa_Beik_215_NK::Mai Samari: If you continue, you’ll meet up with the Gwari who jokes with the man from Gobir,",0.9,0.9,1,1,/Hausa_Beik_215_NK:p,621
38ab73fa3cc1,between_groups,WesternAfrica,Hausa,Kamberi males,Dukawa males,ethnic group,ethnic group,joking_relationship,symmetric,,,"/Hausa_Salamone_92_NK:p::/Hausa_Salamone_92_NK::For example, Kamberi and Dukawa males traditionally socialize with one another along age lines. They have a very well-developed joking relationship with one another.",0.9,0.9,1,1,/Hausa_Salamone_92_NK:p,653
4bfb77269df1,between_groups,WesternAfrica,Hausa,man from Arewa,man from Adar,regional group,regional group,joking_relationship,symmetric,,wasan nangi,"/Hausa_Beik_215_NK:p::/Hausa_Beik_215_NK::Mai Samari: you go even further, you’ll see the man from the Arewa joking with the man from Adar ...",0.9,0.9,1,1,/Hausa_Beik_215_NK:p,623
41a47272ea0e,between_groups,WesternAfrica,Hausa,man from Katsina,man from Gobir,regional group,regional group,joking_relationship,symmetric,,wasan nangi,"/Hausa_Beik_215_NK:p::/Hausa_Beik_215_NK::Mai Samari: if you go even further, you’ll meet the man from Katsina who jokes with the man from Gobir,",0.9,0.9,1,1,/Hausa_Beik_215_NK:p,622
a634727e4512,between_groups,WesternAfrica,Hausa,men of Zamfara,men of Katsina,regional group,regional group,joking_relationship,symmetric,,,"/Hausa_Smith_43_NK:p::/Hausa_Smith_43_NK::men of Zaria and Kano, men of Zamfara and Katsina, and others.",0.85,0.85,1,1,/Hausa_Smith_43_NK:p,669
bf8f1dfea704,between_groups,WesternAfrica,Hausa,men of Zaria,men of Kano,regional group,regional group,joking_relationship,symmetric,,,"/Hausa_Smith_43_NK:p::/Hausa_Smith_43_NK::butchers and blacksmiths (mahauta, makira), mallams and hunters [unavailable], maharba), barber-doctors and blacksmiths (wanzamai, makira); [unavailable] and Fulani, men of Zaria and Kano, men of Zamfara and Katsina, and others.",0.85,0.85,1,1,/Hausa_Smith_43_NK:p,668
cbf3d2e00f17,between_groups,WesternAfrica,Hausa,states or racial groups,states or racial groups,regional group,regional group,joking_relationship,symmetric,,,/Hausa_Smith_44_NK:p::/Hausa_Smith_44_NK::Joking relationships between states or racial groups are said to have been accompanied by a permanent peace; they were regarded as the expression of linkages between such states or groups which stabilised the wider framework within which the Seven Hausa States (“Hausa bakwai”) maintained their existence...,0.9,0.9,1,1,/Hausa_Smith_44_NK:p,677
433189b25c87,between_groups,WesternAfrica,Igbo,the Onitsha,Nri,regional group,regional group,joking_relationship,mixed,a kind of joking relationship,,"/Igbo_Henderson_297_NK:p::/Igbo_Henderson_297_NK::These patterns suggest a structured ambiguity in the relations between the Onitsha and Nri kings. By early exploratory times a kind of joking relationship had developed between the two, in which the king of Onitsha permitted the king of Nri to sacrifice at the major shrines to land and river in recognition of his spiritual superiority, but seized the latter's followers for ransom as a sign of his superior strength.",0.9,0.9,1,1,/Igbo_Henderson_297_NK:p,686
56e0910e2aa3,between_groups,WesternAfrica,Kanuri,Hausa,Fulani,ethnic group,ethnic group,joking_relationship,non_symmetric,,kaka/diwo,"/Kanuri_Cohen_73_NK:p::/Kanuri_Cohen_73_NK::Joking relations also hold between clans such as Ngala’s and Magumi; Nguma and T[unknown]ara; Kuburi and T[unknown]ara; Su’urti and Kuburi; or between ethnic groups like Shuwa and Kanuri; Kurdi and Shuwa; Hausa and Fulani; Kanuri and Fulani; Tubu and Monga; Monga and B[unknown]adde; Kanembu and Wasili (Arabs). In the above relationships which seem in all cases to cover an area of interrelations involving potential conflicts, the joking takes the form (usually) of the grandparent-grandchild relationship.",0.9,0.9,1,1,/Kanuri_Cohen_73_NK:p,730
c4c7ce89f366,between_groups,WesternAfrica,Kanuri,Kanembu,Wasili (Arabs),ethnic group,ethnic group,joking_relationship,non_symmetric,,kaka/diwo,"/Kanuri_Cohen_73_NK:p::/Kanuri_Cohen_73_NK::Joking relations also hold between clans such as Ngala’s and Magumi; Nguma and T[unknown]ara; Kuburi and T[unknown]ara; Su’urti and Kuburi; or between ethnic groups like Shuwa and Kanuri; Kurdi and Shuwa; Hausa and Fulani; Kanuri and Fulani; Tubu and Monga; Monga and B[unknown]adde; Kanembu and Wasili (Arabs). In the above relationships which seem in all cases to cover an area of interrelations involving potential conflicts, the joking takes the form (usually) of the grandparent-grandchild relationship.",0.9,0.9,1,1,/Kanuri_Cohen_73_NK:p,734
8f07f5e1f6e8,between_groups,WesternAfrica,Kanuri,Kanuri,Fulani,ethnic group,ethnic group,joking_relationship,non_symmetric,,kaka/diwo,"/Kanuri_Cohen_73_NK:p::/Kanuri_Cohen_73_NK::Joking relations also hold between clans such as Ngala’s and Magumi; Nguma and T[unknown]ara; Kuburi and T[unknown]ara; Su’urti and Kuburi; or between ethnic groups like Shuwa and Kanuri; Kurdi and Shuwa; Hausa and Fulani; Kanuri and Fulani; Tubu and Monga; Monga and B[unknown]adde; Kanembu and Wasili (Arabs). In the above relationships which seem in all cases to cover an area of interrelations involving potential conflicts, the joking takes the form (usually) of the grandparent-grandchild relationship.",0.9,0.9,1,1,/Kanuri_Cohen_73_NK:p,731
6c7959a05afe,between_groups,WesternAfrica,Kanuri,Kurdi,Shuwa,ethnic group,ethnic group,joking_relationship,non_symmetric,,kaka/diwo,"/Kanuri_Cohen_73_NK:p::/Kanuri_Cohen_73_NK::Joking relations also hold between clans such as Ngala’s and Magumi; Nguma and T[unknown]ara; Kuburi and T[unknown]ara; Su’urti and Kuburi; or between ethnic groups like Shuwa and Kanuri; Kurdi and Shuwa; Hausa and Fulani; Kanuri and Fulani; Tubu and Monga; Monga and B[unknown]adde; Kanembu and Wasili (Arabs). In the above relationships which seem in all cases to cover an area of interrelations involving potential conflicts, the joking takes the form (usually) of the grandparent-grandchild relationship.",0.9,0.9,1,1,/Kanuri_Cohen_73_NK:p,729
25fb21e870d4,between_groups,WesternAfrica,Kanuri,Monga,B[unknown]adde,ethnic group,ethnic group,joking_relationship,non_symmetric,,kaka/diwo,"/Kanuri_Cohen_73_NK:p::/Kanuri_Cohen_73_NK::Joking relations also hold between clans such as Ngala’s and Magumi; Nguma and T[unknown]ara; Kuburi and T[unknown]ara; Su’urti and Kuburi; or between ethnic groups like Shuwa and Kanuri; Kurdi and Shuwa; Hausa and Fulani; Kanuri and Fulani; Tubu and Monga; Monga and B[unknown]adde; Kanembu and Wasili (Arabs). In the above relationships which seem in all cases to cover an area of interrelations involving potential conflicts, the joking takes the form (usually) of the grandparent-grandchild relationship.",0.8,0.8,1,1,/Kanuri_Cohen_73_NK:p,733
abc69853b89c,between_groups,WesternAfrica,Kanuri,Shuwa,Kanuri,ethnic group,ethnic group,joking_relationship,non_symmetric,,kaka/diwo,"/Kanuri_Cohen_73_NK:p::/Kanuri_Cohen_73_NK::Joking relations also hold between clans such as Ngala’s and Magumi; Nguma and T[unknown]ara; Kuburi and T[unknown]ara; Su’urti and Kuburi; or between ethnic groups like Shuwa and Kanuri; Kurdi and Shuwa; Hausa and Fulani; Kanuri and Fulani; Tubu and Monga; Monga and B[unknown]adde; Kanembu and Wasili (Arabs). In the above relationships which seem in all cases to cover an area of interrelations involving potential conflicts, the joking takes the form (usually) of the grandparent-grandchild relationship.",0.9,0.9,1,1,/Kanuri_Cohen_73_NK:p,728
357e436f0432,between_groups,WesternAfrica,Kanuri,Tubu,Monga,ethnic group,ethnic group,joking_relationship,non_symmetric,,kaka/diwo,"/Kanuri_Cohen_73_NK:p::/Kanuri_Cohen_73_NK::Joking relations also hold between clans such as Ngala’s and Magumi; Nguma and T[unknown]ara; Kuburi and T[unknown]ara; Su’urti and Kuburi; or between ethnic groups like Shuwa and Kanuri; Kurdi and Shuwa; Hausa and Fulani; Kanuri and Fulani; Tubu and Monga; Monga and B[unknown]adde; Kanembu and Wasili (Arabs). In the above relationships which seem in all cases to cover an area of interrelations involving potential conflicts, the joking takes the form (usually) of the grandparent-grandchild relationship.",0.85,0.85,1,1,/Kanuri_Cohen_73_NK:p,732
105c7ded36e6,between_groups,WesternAfrica,MOssi,Mossi,Gourounsi,ethnic group,ethnic group,joking_relationship,non_symmetric,,ligidi,"/MOssi_195_NK:p::/MOssi_195_NK::Mossi often jokingly refer to the Gourounsi as their ligidi (meaning money), implying their status as individuals to be sold as slaves.",0.9,0.9,1,1,/MOssi_195_NK:p,818
1412485bea4f,between_groups,WesternAfrica,Mossi,Mossi,Gourounsi,ethnic group,ethnic group,joking_relationship,non_symmetric,,ligidi,"/Mossi_Skinner_195_NK:p::/Mossi_Skinner_195_NK::Mossi often jokingly refer to the Gourounsi as their ligidi (meaning money), implying their status as individuals to be sold as slaves.",0.9,0.9,1,1,/Mossi_Skinner_195_NK:p,890
a294da00f0a1,between_groups,WesternAfrica,Mossi,Mossi,Gurunsi,ethnic group,ethnic group,joking_relationship,symmetric,Joking Between Ethnic Groups; joking relationship,,"/Mossi_Hammond_263_KS:p::/Mossi_Hammond_263_KS::The joking relationship which the Mossi maintain with the Gurunsi and the Samogho peoples, among others, appears to involve the same structural characteristics. || /Mossi__263_NK:p::/Mossi__263_NK::The joking relationship which the Mossi maintain with the Gurunsi and the Samogho peoples, among others, appears to involve the same structural characteristics.",0.9,0.9,2,2,/Mossi_Hammond_263_KS:p; /Mossi__263_NK:p,880;896
6a4d26e1c411,between_groups,WesternAfrica,Mossi,Mossi,Samogho,ethnic group,ethnic group,joking_relationship,symmetric,Joking Between Ethnic Groups; joking relationship,,"/Mossi_Hammond_263_KS:p::/Mossi_Hammond_263_KS::The joking relationship which the Mossi maintain with the Gurunsi and the Samogho peoples, among others, appears to involve the same structural characteristics. || /Mossi__263_NK:p::/Mossi__263_NK::The joking relationship which the Mossi maintain with the Gurunsi and the Samogho peoples, among others, appears to involve the same structural characteristics.",0.9,0.9,2,2,/Mossi_Hammond_263_KS:p; /Mossi__263_NK:p,881;897
272aa96fa8e9,between_groups,WesternAfrica,Mossi,Mossi,Yarse,ethnic group,ethnic group,joking_relationship,unclear,,,"/Mossi_Hammond_263_KS:p::/Mossi_Hammond_263_KS::3. I believe that joking is also institutionalized between the Mossi and the Yarse, a highly acculturated ethnic minority of Mande origin who live throughout Yatenga. || /Mossi_Hammond_264_KS:p::/Mossi_Hammond_264_KS::I believe that joking is also institutionalized between the Mossi and the Yarse, a highly acculturated ethnic minority of Mande origin who live throughout Yatenga. || /Mossi__263_NK:p::/Mossi__263_NK::3. I believe that joking is also institutionalized between the Mossi and the Yarse, a highly acculturated ethnic minority of Mande origin who live throughout Yatenga.",0.6,0.6,3,3,/Mossi_Hammond_263_KS:p; /Mossi_Hammond_264_KS:p; /Mossi__263_NK:p,882;885;898
ee1c4212f4b7,between_groups,WesternAfrica,Mossi,certain villages,each other,village,village,joking_relationship,unclear,,,"/Mossi_Hammond_260_NK:p::/Mossi_Hammond_260_NK::Among the Mossi, joking is institutionalized as an adjustive mechanism in the following relationships: (1) between Ego and his mother's agnatic kin, particularly his mother's elder brother; (2) between Ego and his mother's brother's wife; (3) between siblings-in-law; (4) between sibs; (5) between age-sets in the same age-grade; (6) between certain villages; and (7) between the Mossi and several other ethnic groups.",0.75,0.75,1,1,/Mossi_Hammond_260_NK:p,874
0b74220d95a5,between_groups,WesternAfrica,Mossi,certain villages,other certain villages,village,village,joking_relationship,unclear,,,"/Mossi_Hammond_260_KS:p::/Mossi_Hammond_260_KS::Among the Mossi, joking is institutionalized as an adjustive mechanism in the following relationships: (6) between certain villages;",0.7,0.7,1,1,/Mossi_Hammond_260_KS:p,866
39a0cd1c6424,between_groups,WesternAfrica,Mossi,the Mossi,several other ethnic groups,ethnic group,ethnic group,joking_relationship,unclear,,,"/Mossi_Hammond_260_KS:p::/Mossi_Hammond_260_KS::Among the Mossi, joking is institutionalized as an adjustive mechanism in the following relationships: (7) between the Mossi and several other ethnic groups. || /Mossi_Hammond_260_NK:p::/Mossi_Hammond_260_NK::Among the Mossi, joking is institutionalized as an adjustive mechanism in the following relationships: (1) between Ego and his mother's agnatic kin, particularly his mother's elder brother; (2) between Ego and his mother's brother's wife; (3) between siblings-in-law; (4) between sibs; (5) between age-sets in the same age-grade; (6) between certain villages; and (7) between the Mossi and several other ethnic groups.",0.7,0.8,2,2,/Mossi_Hammond_260_KS:p; /Mossi_Hammond_260_NK:p,867;875
eb11d1f1c9f3,between_groups,WesternAfrica,Nupe,certain Nupe sections,other tribes,regional group,ethnic group,joking_relationship,unclear,,,"/Nupe_Nadel_242_NK:p::/Nupe_Nadel_242_NK::Joking relationship also occurs outside the kindred, between certain Nupe sections and other tribes, or within Nupe communities

between occupational groups.",0.8,0.8,1,1,/Nupe_Nadel_242_NK:p,938
67fe13797d19,between_groups,WesternAfrica,Tallensi,Tongo,Tongo,village,village,joking_relationship,non_symmetric,inter-village joking/forcible appropriations (sunz(ɔ)p rights); licensed crop-plucking/teasing,sunz(ɔ)p,"/Tallensi_Fortes_93_NK:p::/Tallensi_Fortes_93_NK::In the same way, twenty years ago, a Tongo man who chanced to be passing through Yam(ə)l(ə)g when the guinea corn was ripening or the ground-nuts ready for harvesting, might pluck a few twigs of guinea corn or pull up a bunch of ground-nuts to stay his hunger. He would shout out, ‘Whose corn is this, yo-o-o? I am going to pluck some.’ The owner ... would not raise a hue and cry, for this was not theft but an exaggerated assertion of clanship ties. || /Tallensi_Fortes_93_NK:p::/Tallensi_Fortes_93_NK::When there was a funeral at Yam(ə)l(ə)g a party of relatives-in-law (deenam) would sometimes pass through Tongo from Wakii or T□nzugu carrying the obligatory food contributions ... Tongo youths would then, if they had a chance, intercept them and compel them to give up most of the food, leaving only a small portion to prove to the Yam(ə)l(ə)g people that their relatives-in-law had discharged their obligations.",0.9,0.9,2,1,/Tallensi_Fortes_93_NK:p,1016;1020
20fcf57c6ef9,between_groups,WesternAfrica,Tallensi,Tongo,T□nzugu,village,village,joking_relationship,non_symmetric,interception/teasing of passing relatives-in-law,deenam,"/Tallensi_Fortes_93_NK:p::/Tallensi_Fortes_93_NK::When there was a funeral at Yam(ə)l(ə)g a party of relatives-in-law (deenam) would sometimes pass through Tongo from Wakii or T□nzugu carrying the obligatory food contributions ... Tongo youths would then, if they had a chance, intercept them and compel them to give up most of the food ... It was thought of as a practical joke, and accepted as such by the victims.",0.8,0.8,1,1,/Tallensi_Fortes_93_NK:p,1019
7d15927835f1,between_groups,WesternAfrica,Tallensi,Tongo,Wakii,village,village,joking_relationship,non_symmetric,interception/teasing of passing relatives-in-law,deenam,"/Tallensi_Fortes_93_NK:p::/Tallensi_Fortes_93_NK::When there was a funeral at Yam(ə)l(ə)g a party of relatives-in-law (deenam) would sometimes pass through Tongo from Wakii or T□nzugu carrying the obligatory food contributions ... Tongo youths would then, if they had a chance, intercept them and compel them to give up most of the food ... It was thought of as a practical joke, and accepted as such by the victims.",0.85,0.85,1,1,/Tallensi_Fortes_93_NK:p,1018
c1b5e538597e,between_groups,WesternAfrica,Tallensi,Yam(ə)l(ə)g,Nab(ə)rug,village,village,joking_relationship,non_symmetric,waylaying/teasing of passing relatives-in-law,sunz(ɔ)p,/Tallensi_Fortes_93_NK:p::/Tallensi_Fortes_93_NK::Next time a similar party of relatives-in-law bound for Tongo from Nab(ə)rug passed through Yam(ə)l(ə)g they would be waylaid and robbed in the same way.,0.85,0.85,1,1,/Tallensi_Fortes_93_NK:p,1017
39af30498056,between_groups,WesternAfrica,Tallensi,Yam(ə)l(ə)g,Sie,village,village,joking_relationship,symmetric,,,/Tallensi_Fortes_94_NK:p::/Tallensi_Fortes_94_NK::The people of Yam(ə)l(ə)g and of Sie used to act in the same way towards each other before the political jealousies that to-day poison their relationship arose.,0.7,0.7,1,1,/Tallensi_Fortes_94_NK:p,1025
69a838c57762,between_groups,WesternAfrica,tiv,Tiv,Fulani,ethnic group,ethnic group,joking_relationship,symmetric,joking relationship,sengen,"/tiv_12_nk:p::/tiv_12_nk::Tiv in almost all parts of Tivland say today that they came into their present
country from the south-east. While they were “ coming down ” ( sen, that is,
going north-west) they met the Fulani, with whom they lived for a time and
from whom they parted peacefully. As evidence they cite the present “ joking
relationship ” ( sengen ) between Tiv and Fulani. || /tiv_1_nk:p::/tiv_1_nk::""Coming down,"" as they put it, they met the Fulani, with whom they still recognize a joking relationship.",0.9,0.9,2,2,/tiv_12_nk:p; /tiv_1_nk:p,1438;1439
f12a10c6ca82,between_groups,WesternAfrica,wolof,Jola,Serer,ethnic group,ethnic group,joking_relationship,symmetric,,,/wolof_99_nk:p::/wolof_99_nk::A joking relationship exists between Jola and Serer to this day.,0.9,0.9,1,1,/wolof_99_nk:p,1495
