murdock_name,ea_name,THP_Broad,v4_anim_husbandry,v30_settlement,v40_animal_type
ABABDA,ABABDA,0.8888888888888888,8.0,1.0,6.0
ABARAMBO,ABARAMBO,0.0,1.0,5.0,3.0
ABE,AVIKAM,0.0,1.0,7.0,3.0
ACHOLI,ACHOLI,0.0,3.0,6.0,3.0
ADAMAWA,FUTAJALON,0.0,5.0,8.0,7.0
ADANGME,ADANGME,0.0,1.0,7.0,3.0
ADARAWA,ZAZZAGAWA,0.0,3.0,7.0,7.0
ADELE,BUEM,0.0,1.0,7.0,3.0
AFAR,AFAR,0.8888888888888888,8.0,2.0,6.0
AFO,AFO,0.0,1.0,7.0,3.0
AFUSARE,ANAGUTA,0.0,1.0,6.0,3.0
AHAGGAREN,AHAGGAREN,0.5555555555555556,5.0,2.0,6.0
AJUKRU,AVIKAM,0.0,1.0,7.0,3.0
AKPOSO,BUEM,0.0,1.0,7.0,3.0
AKYEM,AKYEM,0.0,1.0,7.0,3.0
ALAGYA,ALAGYA,0.0,1.0,0.0,0.0
ALGERIANS,ALGERIANS,0.0,3.0,7.0,7.0
ALUR,ALUR,0.0,2.0,6.0,7.0
AMARAR,AMARAR,1.0,9.0,2.0,6.0
AMBA,AMBA,0.0,1.0,6.0,3.0
AMBO,AMBO,0.0,3.0,5.0,7.0
AMER,BENIAMER,0.8888888888888888,8.0,1.0,6.0
AMHARA,AMHARA,0.0,3.0,6.0,7.0
ANA,IFE,0.0,1.0,7.0,3.0
ANAG,BARABRA,0.0,3.0,7.0,7.0
ANGAS,ANGAS,0.0,2.0,5.0,3.0
ANTAISAKA,ANTAISAKA,0.0,3.0,7.0,7.0
ANTANDROY,ANTANDROY,0.4444444444444444,4.0,3.0,7.0
ANTESSAR,ANTESSAR,0.6666666666666666,6.0,1.0,6.0
ANUAK,ANUAK,0.0,1.0,7.0,3.0
ANYANG,BANYANG,0.0,1.0,7.0,3.0
ANYI,ANYI,0.0,1.0,5.0,3.0
ARAD,NIEA,,,,
ARAGO,NUPE,0.0,1.0,6.0,3.0
ARI,AVIKAM,0.0,1.0,7.0,3.0
ARUSHA,MASAI,1.0,9.0,1.0,7.0
ARUSI,ARUSI,0.5555555555555556,5.0,3.0,7.0
ASBEN,ASBEN,0.5555555555555556,5.0,2.0,6.0
ASHANTI,ASHANTI,0.0,0.0,7.0,3.0
ASSINI,ASSINI,0.0,1.0,7.0,7.0
ATTA,BERABER,0.4444444444444444,4.0,3.0,7.0
ATTIE,ATTIE,0.0,1.0,7.0,7.0
ATYUTI,BUEM,0.0,1.0,7.0,3.0
AULLIMINDEN,AULLIMIND,0.0,6.0,0.0,0.0
AUSHI,BEMBA,0.0,0.0,4.0,3.0
AUYOKAWA,ZAZZAGAWA,0.0,3.0,7.0,7.0
AVATIME,BUEM,0.0,1.0,7.0,3.0
AVIKAM,AVIKAM,0.0,1.0,7.0,3.0
AWIYA,AMHARA,0.0,3.0,6.0,7.0
AZANDE,AZANDE,0.0,0.0,5.0,1.0
AZJER,AZJER,0.5555555555555556,5.0,1.0,6.0
BABUKUR,AZANDE,0.0,0.0,5.0,1.0
BABWA,BABWA,0.0,0.0,6.0,7.0
BACHAMA,BACHAMA,0.0,2.0,7.0,7.0
BAGA,BAGA,0.0,1.0,7.0,7.0
BAGIRMI,BAGIRMI,0.0,2.0,7.0,7.0
BAHARIYA,NIEA,,,,
BAJUN,BAJUN,0.0,1.0,7.0,7.0
DAKAKARI,DAKAKARI,0.2222222222222222,2.0,3.0,3.0
BAKO,BAKO,0.0,3.0,5.0,7.0
BAKWE,BAKWE,0.0,1.0,7.0,7.0
BALANTE,BALANTE,0.0,2.0,7.0,7.0
BAMBARA,BAMBARA,0.0,2.0,7.0,7.0
BAMILEKE,BAMILEKE,0.0,1.0,6.0,1.0
BANDA,BANDA,0.0,1.0,5.0,3.0
BANGANDU,BAYA,0.0,1.0,7.0,3.0
BANGBA,MANGBETU,0.0,1.0,5.0,3.0
BANGI,SONGOLA,0.0,0.0,7.0,3.0
BANYUN,BANYUN,0.0,1.0,5.0,2.0
BANZA,MBANDJA,0.0,1.0,7.0,3.0
BANZIRI,BANDA,0.0,1.0,5.0,3.0
BARA,,,,,
BARABRA,BARABRA,0.0,3.0,7.0,7.0
BARARETTA,ARUSI,0.5555555555555556,5.0,3.0,7.0
BAREA,BAREA,0.0,2.0,7.0,7.0
BARGU,KONKOMBA,0.0,1.0,6.0,7.0
BARI,BARI,0.0,4.0,5.0,7.0
BASA,BASA,0.0,2.0,6.0,3.0
BASARI,BASARI,0.0,2.0,7.0,7.0
BASHI,BASHI,0.0,4.0,0.0,0.0
BASILA,BUEM,0.0,1.0,7.0,3.0
BASSA,BETE,0.0,1.0,7.0,3.0
BATA,BATA,0.0,2.0,6.0,7.0
BATAHIN,HASANIA,0.5555555555555556,5.0,2.0,7.0
BATI,AMBA,0.0,1.0,6.0,3.0
BAUCHI,FUTAJALON,0.0,5.0,8.0,7.0
BAULE,BAULE,0.0,1.0,7.0,3.0
BAYA,BAYA,0.0,1.0,7.0,3.0
BEDE,BOLEWA,0.0,2.0,7.0,7.0
BEDERIA,HASANIA,0.5555555555555556,5.0,2.0,7.0
BEMBA,BEMBA,0.0,0.0,4.0,3.0
BENA,BENA,0.0,3.0,7.0,7.0
BENDE,BENDE,0.0,0.0,7.0,3.0
BERABER,BERABER,0.4444444444444444,4.0,3.0,7.0
BERABISH,BERABISH,1.0,9.0,1.0,6.0
BERGDAMA,BERGDAMA,0.0,2.0,0.0,0.0
BERIBERI,KANURI,0.0,2.0,8.0,7.0
BERTA,SHILLUK,0.0,2.0,6.0,7.0
BERTI,TEDA,0.3333333333333333,3.0,2.0,6.0
BETE,BETE,0.0,1.0,7.0,3.0
BETSILEO,BETSILEO,0.0,2.0,0.0,0.0
BETSIMISARAKA,ANTAISAKA,0.0,3.0,7.0,7.0
BIAFADA,BIAFADA,0.0,1.0,7.0,2.0
BIDEYAT,TEDA,0.3333333333333333,3.0,2.0,6.0
BIJOGO,BIJOGO,0.0,2.0,7.0,7.0
BINZA,NGOMBE,0.0,0.0,7.0,1.0
BIRA,BIRA,0.0,1.0,7.0,3.0
BIRIFON,BIRIFOR,0.0,1.0,5.0,7.0
BIRKED,BARABRA,0.0,3.0,7.0,7.0
BIROM,BIROM,0.0,2.0,5.0,3.0
BISA,BEMBA,0.0,0.0,4.0,3.0
BISHARIN,BISHARIN,0.8888888888888888,8.0,2.0,6.0
BOBO,BOBO,0.0,2.0,5.0,3.0
BOFI,BANDA,0.0,1.0,5.0,3.0
BOGO,BOGO,1.0,9.0,2.0,7.0
BOKI,BOKI,0.0,1.0,7.0,7.0
BOLEWA,BOLEWA,0.0,2.0,7.0,7.0
BOMITABA,FANG,0.0,1.0,7.0,3.0
BONDEI,SHAMBALA,0.0,3.0,7.0,7.0
BONDJO,BANDA,0.0,1.0,5.0,3.0
BONGO,BONGO,0.0,1.0,5.0,3.0
BONI,NIEA,,,,
BORAN,ARUSI,0.5555555555555556,5.0,3.0,7.0
BORROM,BORROM,0.0,2.0,5.0,3.0
BOSAKA,NKUNDO,0.0,0.0,6.0,3.0
BOZO,BOZO,0.0,0.0,3.0,1.0
BRONG,ABRON,0.0,1.0,7.0,3.0
BUA,BAGIRMI,0.0,2.0,7.0,7.0
BUBI,BUBI,0.0,1.0,7.0,3.0
BUDJA,BUDJA,0.0,1.0,0.0,0.0
BUDU,BUDU,0.0,0.0,7.0,1.0
BUDUMA,BUDUMA,0.0,4.0,5.0,7.0
BUEM,BUEM,0.0,1.0,7.0,3.0
BUILSA,BUILSA,0.0,3.0,6.0,7.0
BULGEDA,TEDA,0.3333333333333333,3.0,2.0,6.0
BULOM,TEMNE,0.0,2.0,8.0,7.0
BUNDA,BUNDA,0.0,1.0,5.0,3.0
BUNU,YORUBA,0.0,1.0,7.0,3.0
BURA,BURA,0.0,3.0,6.0,7.0
BURUNGI,IRAQW,0.0,5.0,5.0,7.0
BUSA,RESHE,0.0,2.0,7.0,3.0
BUSANSI,BISA,0.0,1.0,7.0,7.0
BUTAWA,KATAB,0.0,1.0,7.0,3.0
BUYE,BUYE,0.0,1.0,7.0,3.0
BWAKA,BWAKA,0.0,1.0,7.0,3.0
CAPE HOTTENTOT,NAMA,0.5555555555555556,5.0,1.0,7.0
CHAAMBA,CHAAMBA,0.7777777777777778,7.0,2.0,6.0
CHAGA,CHAGGA,0.0,3.0,5.0,7.0
CHAKOSSI,ASHANTI,0.0,0.0,7.0,3.0
CHAMBA,CHAMBA,0.0,2.0,7.0,3.0
CHEWA,CHEWA,0.0,1.0,7.0,7.0
CHIGA,CHIGA,0.0,2.0,5.0,7.0
CHOKWE,CHOKWE,0.0,1.0,7.0,3.0
CHOPI,CHOPI,0.0,2.0,0.0,0.0
CHUABO,YAO,0.0,1.0,6.0,1.0
COMORIANS,BAJUN,0.0,1.0,7.0,7.0
CYRENAICANS,ALGERIANS,0.0,3.0,7.0,7.0
DAFI,SONINKE,0.0,2.0,7.0,7.0
DAGARI,DAGARI,0.0,3.0,5.0,7.0
DAGOMBA,DAGOMBA,0.0,2.0,7.0,3.0
DAGU,NIEA,,,,
DAKA,DAKA,0.0,2.0,7.0,3.0
DAKHLA,NIEA,,,,
DAMA,MUNDANG,0.0,4.0,7.0,7.0
DAN,DAN,0.0,1.0,7.0,3.0
DARASA,DARASA,0.0,2.0,5.0,7.0
DARI,MUNDANG,0.0,4.0,7.0,7.0
DAZA,DAZA,0.4444444444444444,4.0,2.0,7.0
DEFORO,DOGON,0.0,2.0,7.0,7.0
DEKAKIRI,HASANIA,0.5555555555555556,5.0,2.0,7.0
DELIM,DELIM,0.5555555555555556,5.0,1.0,6.0
DENDI,SONGHAI,0.0,3.0,7.0,7.0
DERA,DERA,0.0,2.0,7.0,4.0
DIALONKE,YALUNKA,0.0,2.0,8.0,7.0
DIAN,DIAN,0.0,3.0,5.0,7.0
DIDA,BETE,0.0,1.0,7.0,3.0
DIDINGA,DIDINGA,0.4444444444444444,4.0,2.0,7.0
DIGO,DIGO,0.0,1.0,7.0,3.0
DILLING,DILLING,0.0,3.0,6.0,7.0
DINKA,DINKA,0.5555555555555556,5.0,2.0,7.0
DIOLA,DIOLA,0.0,2.0,7.0,7.0
DIULA,DIULA,0.0,1.0,7.0,3.0
DOGON,DOGON,0.0,2.0,7.0,7.0
DOROBO,DOROBO,0.0,0.0,1.0,1.0
DOROSIE,DOROSIE,0.0,3.0,5.0,7.0
DRAWA,DRAWA,0.0,2.0,0.0,0.0
DUAISH,ZENAGA,0.7777777777777778,7.0,2.0,6.0
DUALA,DUALA,0.0,1.0,7.0,3.0
DUI-MENIA,RWALA,0.8888888888888888,8.0,1.0,6.0
DUMA,YOMBE,0.0,1.0,7.0,3.0
DURU,MUNDANG,0.0,4.0,7.0,7.0
DURUMA,DURUMA,0.0,3.0,0.0,0.0
DZEM,DZEM,0.0,1.0,7.0,3.0
DZING,DZING,0.1111111111111111,1.0,4.0,3.0
EBRIE,AVIKAM,0.0,1.0,7.0,3.0
EDO,EDO,0.0,1.0,7.0,3.0
EGBA,EGBA,0.0,1.0,7.0,3.0
EGEDE,YAKO,0.0,1.0,7.0,7.0
EGYPTIANS,EGYPTIANS,0.0,3.0,7.0,7.0
EKITI,EKITI,0.0,1.0,7.0,7.0
EKOI,EKOI,0.0,2.0,7.0,7.0
EKONDA,EKONDA,0.0,1.0,6.0,3.0
ESA,ESA,1.0,9.0,1.0,6.0
EWE,EWE,0.0,1.0,8.0,3.0
FAJULU,FAJULU,0.0,2.0,7.0,7.0
FALI,FALI,0.0,2.0,6.0,3.0
FANG,FANG,0.0,1.0,7.0,3.0
FANTI,FANTI,0.0,1.0,7.0,3.0
FANYAN,BAGIRMI,0.0,2.0,7.0,7.0
FERTIT,BONGO,0.0,1.0,5.0,3.0
FEZARA,HASANIA,0.5555555555555556,5.0,2.0,7.0
FEZZAN,NIEA,,,,
FIA,BAFIA,0.0,2.0,5.0,3.0
FIGIG,SIWANS,0.0,3.0,8.0,7.0
FILALA,SIWANS,0.0,3.0,8.0,7.0
FIPA,FIPA,0.0,1.0,7.0,7.0
FON,FON,0.0,2.0,7.0,3.0
FOUTADJALON,FUTAJALON,0.0,5.0,8.0,7.0
FOUTATORO,BOROROFUL,0.8888888888888888,8.0,3.0,7.0
FUNGON,FUNGOM,0.0,1.0,0.0,0.0
FUR,FUR,0.0,3.0,7.0,7.0
FUT,FUT,0.0,1.0,7.0,3.0
GA,GA,0.0,1.0,8.0,3.0
GAALIIN,BARABRA,0.0,3.0,7.0,7.0
GABERI,BAGIRMI,0.0,2.0,7.0,7.0
GADAMES,SIWANS,0.0,3.0,8.0,7.0
GAFSA,NIEA,,,,
GAGU,GAGU,0.0,1.0,7.0,3.0
GALIM,TIV,0.0,1.0,5.0,3.0
GAN,ASHANTI,0.0,0.0,7.0,3.0
GANDA,GANDA,0.0,1.0,7.0,7.0
GBANDE,GBANDE,0.0,1.0,7.0,7.0
GBARI,GBARI,0.0,2.0,7.0,3.0
GERAWA,BOLEWA,0.0,2.0,7.0,7.0
GERI,SOMALI,1.0,9.0,1.0,6.0
GIBE,GIBE,0.0,3.0,5.0,7.0
GIL,RWALA,0.8888888888888888,8.0,1.0,6.0
GILI,KORO,0.0,2.0,0.0,0.0
GIMIRA,SHAKO,0.0,2.0,6.0,7.0
GIMMA,GIMMA,0.7777777777777778,7.0,2.0,7.0
GISIGA,GISIGA,0.0,2.0,7.0,3.0
GISU,GISU,0.0,2.0,5.0,7.0
GOBU,BANDA,0.0,1.0,5.0,3.0
GOGO,GOGO,0.0,4.0,5.0,7.0
GOLA,GOLA,0.0,1.0,8.0,3.0
GOMANI,NYANJA,0.0,1.0,5.0,3.0
GOROA,GOROA,0.0,5.0,5.0,7.0
GOSHA,POKOMO,0.0,0.0,7.0,1.0
GREBO,BETE,0.0,1.0,7.0,3.0
GRUNSHI,KASENA,0.0,2.0,7.0,7.0
GUANCHE,GUANCHE,0.0,2.0,7.0,3.0
GUANG,BUEM,0.0,1.0,7.0,3.0
GUDE,GUDE,0.0,2.0,7.0,3.0
GUIN,SENUFO,0.0,1.0,7.0,3.0
GULA,BONGO,0.0,1.0,5.0,3.0
GULE,SHILLUK,0.0,2.0,6.0,7.0
GUMUZ,SHILLUK,0.0,2.0,6.0,7.0
GUN,FON,0.0,2.0,7.0,3.0
GURAGE,GURAGE,0.0,4.0,7.0,7.0
GURENSI,TALLENSI,0.0,2.0,5.0,7.0
GURMA,GURMA,0.0,2.0,7.0,7.0
GURO,GURO,0.0,1.0,7.0,7.0
GUSII,GUSII,0.0,3.0,5.0,7.0
GWANDARA,ZAZZAGAWA,0.0,3.0,7.0,7.0
GYRIAMA,GIRIAMA,0.0,2.0,7.0,7.0
HA,HA,0.0,4.0,5.0,7.0
HABBANIA,HABBANIA,0.5555555555555556,5.0,1.0,7.0
HADENDOWA,HADENDOWA,0.0,6.0,0.0,0.0
HADIMU,HADIMU,0.0,2.0,7.0,7.0
HAMAMA,HAMAMA,0.7777777777777778,7.0,3.0,3.0
HAMAR,HASANIA,0.5555555555555556,5.0,2.0,7.0
HAMYAN,HAMYAN,0.7777777777777778,7.0,1.0,3.0
HARARI,NIEA,,,,
HASANIA,HASANIA,0.5555555555555556,5.0,2.0,7.0
HAUSA,ZAZZAGAWA,0.0,3.0,7.0,7.0
HAWIYA,SOMALI,1.0,9.0,1.0,6.0
HAYA,HAYA,0.0,3.0,5.0,7.0
HEHE,HEHE,0.0,3.0,5.0,7.0
HEIKUM,HERERO,0.6666666666666666,6.0,1.0,7.0
HEMAT,HEMAT,0.5555555555555556,5.0,2.0,7.0
HERERO,HERERO,0.6666666666666666,6.0,1.0,7.0
HIECHWARE,TSWANA,0.0,4.0,8.0,7.0
HLENGWE,THONGA,0.0,3.0,7.0,7.0
HOLO,MBUNDU,0.0,2.0,7.0,7.0
HOLOHOLO,BEMBA,0.0,0.0,4.0,3.0
HUNDE,HUNDE,0.0,3.0,7.0,7.0
HURUTSHE,TSWANA,0.0,4.0,8.0,7.0
IBIBIO,IBIBIO,0.0,1.0,6.0,7.0
IBO,IBO,0.0,1.0,6.0,7.0
IDIO,AZANDE,0.0,0.0,5.0,1.0
IDOMA,IDOMA,0.0,1.0,5.0,3.0
IFE,IFE,0.0,1.0,7.0,3.0
IFORA,IFORA,0.5555555555555556,5.0,1.0,6.0
IGALA,IGALA,0.0,1.0,0.0,7.0
IGBIRA,IGBIRA,0.0,1.0,7.0,7.0
IJAW,IJAW,0.0,1.0,7.0,7.0
IJEBU,YORUBA,0.0,1.0,7.0,3.0
IKASA,BAYA,0.0,1.0,7.0,3.0
ILA,ILA,0.3333333333333333,3.0,3.0,7.0
IMRAGEN,NIEA,,,,
INGASSANA,INGASSANA,0.0,3.0,5.0,7.0
IRAMBA,GOGO,0.0,4.0,5.0,7.0
IRAQW,IRAQW,0.0,5.0,5.0,7.0
ISHAAK,SOMALI,1.0,9.0,1.0,6.0
ISOKO,ISOKO,0.0,1.0,8.0,3.0
ITSEKIRI,ITSEKIRI,0.0,1.0,7.0,3.0
ITTU,ARUSI,0.5555555555555556,5.0,3.0,7.0
IWA,IWA,0.0,1.0,7.0,3.0
IYALA,YAKO,0.0,1.0,7.0,7.0
JALO,SIWANS,0.0,3.0,8.0,7.0
JANJERO,JANJERO,0.0,2.0,5.0,7.0
JARAWA,KATAB,0.0,1.0,7.0,3.0
JEBALA,JEBALA,0.0,3.0,7.0,7.0
JEN,CHAMBA,0.0,2.0,7.0,3.0
"JERAWA, CHAWAI (SW)",CHAWAI,0.0,2.0,7.0,3.0
JERBA,KABYLE,0.0,3.0,7.0,7.0
JERID,NIEA,,,,
JIBU,JIBU,0.0,2.0,0.0,0.0
JIE,JIE,0.4444444444444444,4.0,3.0,7.0
JOFRA,SIWANS,0.0,3.0,8.0,7.0
JUKUN,JUKUN,0.0,2.0,7.0,3.0
JUR,JUR,0.0,2.0,5.0,7.0
KABABISH,KABABISH,0.8888888888888888,8.0,1.0,6.0
KABRE,KABRE,0.0,2.0,6.0,7.0
KABYLE,KABYLE,0.0,3.0,7.0,7.0
KADARA,KADARA,0.0,2.0,7.0,3.0
KAFA,KAFA,0.0,2.0,5.0,7.0
KAGORO,BAMBARA,0.0,2.0,7.0,7.0
KAKA,FANG,0.0,1.0,7.0,3.0
KALAI,FANG,0.0,1.0,7.0,3.0
KAM,CHAMBA,0.0,2.0,7.0,3.0
KAMBA,KAMBA,0.0,3.0,6.0,7.0
KAMBATA,SIDAMO,0.0,3.0,5.0,7.0
KAMBERI,RESHE,0.0,2.0,7.0,3.0
KAMIR,AMHARA,0.0,3.0,6.0,7.0
KAMUKU,KAMUKU,0.0,2.0,5.0,3.0
KANEMBU,KANEMBU,0.0,3.0,7.0,7.0
KANURI,KANURI,0.0,2.0,8.0,7.0
KAONDE,KAONDE,0.0,0.0,7.0,1.0
KAPSIKI,KAPSIKI,0.0,2.0,7.0,3.0
KARA,BONGO,0.0,1.0,5.0,3.0
KARABORO,SENUFO,0.0,1.0,7.0,3.0
KARAMOJONG,TURKANA,0.3333333333333333,3.0,2.0,7.0
KARANGA,SHONA,0.0,2.0,6.0,7.0
KARE,AZANDE,0.0,0.0,5.0,1.0
KAREKARE,KAREKARE,0.0,1.0,6.0,7.0
KASONKE,KASONKE,0.0,3.0,7.0,7.0
KATAB,KATAB,0.0,1.0,7.0,3.0
KATLA,TULLISHI,0.0,3.0,6.0,7.0
KAWAR,TEDA,0.3333333333333333,3.0,2.0,6.0
KEBU,BUEM,0.0,1.0,7.0,3.0
KELA,KELA,0.0,1.0,7.0,3.0
KEMANT,FALASHA,0.0,3.0,7.0,7.0
KENGA,BAGIRMI,0.0,2.0,7.0,7.0
KENTU,KENTU,0.0,2.0,0.0,0.0
KEPERE,MBUM,0.0,1.0,5.0,3.0
KERARISH,HASANIA,0.5555555555555556,5.0,2.0,7.0
KEREWE,KEREWE,0.0,3.0,5.0,7.0
KEYU,KEYU,0.0,4.0,6.0,7.0
KGALAGADI,TSWANA,0.0,4.0,8.0,7.0
KGATLA,TSWANA,0.0,4.0,8.0,7.0
KHARGA,NIEA,,,,
KIKUYU,KIKUYU,0.0,3.0,7.0,7.0
KILINGA,KONKOMBA,0.0,1.0,6.0,7.0
KIMBU,NYAMWEZI,0.0,1.0,6.0,7.0
KIMBUNDU,MBUNDU,0.0,2.0,7.0,7.0
KIMR,NIEA,,,,
KINDIGA,HATSA,0.0,0.0,1.0,1.0
KINGA,NYAKYUSA,0.0,2.0,7.0,7.0
KIPSIGI,KIPSIGIS,0.0,4.0,5.0,7.0
KISAMA,KISAMA,0.0,1.0,5.0,3.0
KISI,NYAKYUSA,0.0,2.0,7.0,7.0
KISSI,KISSI,0.0,1.0,7.0,7.0
KITA,BAMBARA,0.0,2.0,7.0,7.0
KOALIB,KOALIB,0.0,2.0,6.0,7.0
KOBA,ILA,0.3333333333333333,3.0,3.0,7.0
KOKO,KOKO,0.0,1.0,0.0,0.0
KOM,KOM,0.0,1.0,0.0,0.0
KOMA,KOMA,0.0,1.0,7.0,3.0
KOMONO,SENUFO,0.0,1.0,7.0,3.0
KONA,JUKUN,0.0,2.0,7.0,3.0
KONGO,KONGO,0.0,1.0,7.0,3.0
KONJO,KONJO,0.0,1.0,5.0,3.0
KONKOMBA,KONKOMBA,0.0,1.0,6.0,7.0
KONO,MENDE,0.0,1.0,8.0,3.0
KONONGO,NYAMWEZI,0.0,1.0,6.0,7.0
KONSO,KONSO,0.0,2.0,7.0,7.0
KONYANKE,DIULA,0.0,1.0,7.0,3.0
KORANA,NAMA,0.5555555555555556,5.0,1.0,7.0
KORANKO,KORANKO,0.0,3.0,7.0,7.0
KOREKORE,SHONA,0.0,2.0,6.0,7.0
KORO,KORO,0.0,2.0,0.0,0.0
KOROCA,KUNG,0.0,0.0,1.0,1.0
KOSSI,KPE,0.0,3.0,7.0,7.0
KOTA,KOTA,0.0,1.0,7.0,3.0
KOTOKO,KOTOKO,0.0,2.0,7.0,7.0
KOTOPO,MUNDANG,0.0,4.0,7.0,7.0
KOYAM,KANURI,0.0,2.0,8.0,7.0
KPE,KPE,0.0,3.0,7.0,7.0
KPELLE,KPELLE,0.0,1.0,7.0,7.0
KRACHI,BUEM,0.0,1.0,7.0,3.0
KRAN,KRAN,0.0,1.0,7.0,7.0
KREDA,TEDA,0.3333333333333333,3.0,2.0,6.0
KREISH,BONGO,0.0,1.0,5.0,3.0
KRU,KRU,0.0,1.0,7.0,7.0
KUBA,KUBA,0.1111111111111111,1.0,4.0,3.0
KUFRA,TEDA,0.3333333333333333,3.0,2.0,6.0
KUKU,KUKU,0.0,3.0,5.0,7.0
KUKURUKU,KUKURUKU,0.0,1.0,7.0,7.0
KULANGO,KULANGO,0.0,2.0,7.0,3.0
KUMU,KUMU,0.0,1.0,7.0,3.0
KUN,BAGIRMI,0.0,2.0,7.0,7.0
KUNAMA,KUNAMA,0.0,2.0,7.0,7.0
KUNDA,KUNDA,0.0,0.0,7.0,3.0
KUNDU,KUNDU,0.0,2.0,7.0,7.0
KUNG,KUNG,0.0,0.0,1.0,1.0
KUNTA,KUNTA,0.6666666666666666,6.0,2.0,7.0
KUNYI,YOMBE,0.0,1.0,7.0,3.0
"KURAMA, GURE (NE)",KURAMA,0.0,2.0,7.0,0.0
KURFEI,ZAZZAGAWA,0.0,3.0,7.0,7.0
KUTSHU,KUTSHU,0.0,1.0,7.0,3.0
KWANGARE,AMBO,0.0,3.0,5.0,7.0
KWENA,TSWANA,0.0,4.0,8.0,7.0
KWERE,KWERE,0.0,1.0,6.0,3.0
KWESE,YOMBE,0.0,1.0,7.0,3.0
LABWOR,LABWOR,0.0,2.0,7.0,7.0
LAGUAT,NIEA,,,,
LAKA (ADAMAWA,LAKA,0.0,1.0,7.0,3.0
LAKA (NDEBELE),NDEBELE,0.0,4.0,8.0,7.0
LALA,LALA,0.0,1.0,7.0,3.0
LAMBA,LAMBA,0.0,0.0,7.0,1.0
LAMBYA,NYAKYUSA,0.0,2.0,7.0,7.0
LANDUMA,BIJOGO,0.0,2.0,7.0,7.0
LANGO,LANGO,0.0,4.0,7.0,7.0
LELE,LELE,0.0,1.0,7.0,3.0
LENDU,LENDU,0.0,3.0,7.0,7.0
LENGOLA,SONGOLA,0.0,0.0,7.0,3.0
LENJE,ILA,0.3333333333333333,3.0,3.0,7.0
LESE,LESE,0.0,2.0,7.0,3.0
LI,BALI,0.0,1.0,0.0,0.0
"LIGBI, DEGHA (SE)",DIULA,0.0,1.0,7.0,3.0
LIKA,AMBA,0.0,1.0,6.0,3.0
LILSE,TALLENSI,0.0,2.0,5.0,7.0
LIMBA,MENDE,0.0,1.0,8.0,3.0
LIPTAKO,LIPTAKO,0.0,4.0,7.0,7.0
LISI,BAGIRMI,0.0,2.0,7.0,7.0
LOBI,LOBI,0.0,1.0,5.0,7.0
LOGO,LOGO,0.0,2.0,5.0,3.0
LOKELE,LOKELE,0.0,1.0,7.0,3.0
LOKO,MENDE,0.0,1.0,8.0,3.0
LOMWE,YAO,0.0,1.0,6.0,1.0
LONGUDA,LONGUDA,0.0,3.0,6.0,7.0
LOTUKO,LOTUKO,0.0,3.0,7.0,7.0
LOVEDU,LOVEDU,0.0,3.0,6.0,7.0
LOZI,LOZI,0.2222222222222222,2.0,3.0,7.0
LUAPULA,LUAPULA,0.0,1.0,7.0,3.0
LUBA,LUBA,0.0,1.0,7.0,3.0
LUCHAZI,LUCHAZI,0.1111111111111111,1.0,4.0,3.0
LUGBARA,LUGBARA,0.0,4.0,6.0,7.0
LUGURU,LUGURU,0.0,1.0,6.0,3.0
LUIMBE,LUIMBE,0.0,1.0,7.0,7.0
LUKOKWE,LOZI,0.2222222222222222,2.0,3.0,7.0
LULUA,LULUA,0.0,1.0,0.0,0.0
LUMBO,YOMBE,0.0,1.0,7.0,3.0
LUNDA,LUVALE,0.0,0.0,7.0,3.0
LUNGU,MAMBWE,0.0,2.0,7.0,7.0
LUO,LUO,0.0,2.0,5.0,7.0
LUPOLO,MBUNDU,0.0,2.0,7.0,7.0
LUVALE,LUVALE,0.0,0.0,7.0,3.0
LUWA,LUWA,0.0,0.0,0.0,0.0
MAAZA,RWALA,0.8888888888888888,8.0,1.0,6.0
MABA,NIEA,,,,
MACHA,MACHA,0.0,3.0,5.0,7.0
MADA,KATAB,0.0,1.0,7.0,3.0
MADI,MADI,0.0,3.0,5.0,7.0
MAGUZAWA,MAGUZAWA,0.0,2.0,0.0,0.0
MAGWANGARA,YAO,0.0,1.0,6.0,1.0
MAHAFALY,,,,,
MAHAMID,HASANIA,0.5555555555555556,5.0,2.0,7.0
MAKA,FANG,0.0,1.0,7.0,3.0
MAKERE,MANGBETU,0.0,1.0,5.0,3.0
MAKONDE,MAKONDE,0.0,1.0,6.0,3.0
MAKUA,MAKUA,0.0,1.0,0.0,0.0
MALINKE,MALINKE,0.0,1.0,7.0,7.0
MAMA,KATAB,0.0,1.0,7.0,3.0
MAMBILA,MAMBILA,0.0,2.0,6.0,3.0
MAMPRUSI,MAMPRUSI,0.0,3.0,7.0,7.0
MAMVU,MAMVU,0.0,1.0,7.0,3.0
MANALA,ZULU,0.0,4.0,5.0,7.0
MANDARA,KANURI,0.0,2.0,8.0,7.0
MANDJA,MANDJA,0.0,1.0,5.0,3.0
MANGA,KANURI,0.0,2.0,8.0,7.0
MANGBETU,MANGBETU,0.0,1.0,5.0,3.0
MANYIKA,SHONA,0.0,2.0,6.0,7.0
MAO,MAO,0.0,1.0,7.0,7.0
MARGI,MARGI,0.0,2.0,6.0,7.0
MASA,MASA,0.0,1.0,5.0,7.0
MASAI,MASAI,1.0,9.0,1.0,7.0
MASALIT,NIEA,,,,
MASHASHA,LOZI,0.2222222222222222,2.0,3.0,7.0
MASHI,LOZI,0.2222222222222222,2.0,3.0,7.0
MASINA,FUTAJALON,0.0,5.0,8.0,7.0
MASONGO,MAO,0.0,1.0,7.0,7.0
MATAKAM,MATAKAM,0.0,1.0,6.0,3.0
MATENGO,NYAKYUSA,0.0,2.0,7.0,7.0
MATMATA,RIFFIANS,0.0,3.0,7.0,7.0
MATUMBI,HEHE,0.0,3.0,5.0,7.0
MAURI,ZAZZAGAWA,0.0,3.0,7.0,7.0
"MAYOGO, BADJO (NE)",MANGBETU,0.0,1.0,5.0,3.0
MBAE,AMBA,0.0,1.0,6.0,3.0
MBAGANI,LUBA,0.0,1.0,7.0,3.0
MBALA,MBALA,0.0,1.0,0.0,0.0
MBANGALA,MBUNDU,0.0,2.0,7.0,7.0
MBEMBE,YAKO,0.0,1.0,7.0,7.0
MBERE,BAYA,0.0,1.0,7.0,3.0
MBESA,BOMBESA,0.0,0.0,7.0,1.0
MBOLE,NKUNDO,0.0,0.0,6.0,3.0
MBULA,CHAMBA,0.0,2.0,7.0,3.0
MBUGU,PARE,0.0,4.0,5.0,7.0
MBUGWE,MBUGWE,0.0,4.0,0.0,0.0
MBUKUSHU,LOZI,0.2222222222222222,2.0,3.0,7.0
MBUM,MBUM,0.0,1.0,5.0,3.0
MBUNDA,LUVALE,0.0,0.0,7.0,3.0
MBUNDU,MBUNDU,0.0,2.0,7.0,7.0
MBUNGA,HEHE,0.0,3.0,5.0,7.0
MBWELA,LUVALE,0.0,0.0,7.0,3.0
MEBAN,MEBAN,0.0,2.0,6.0,7.0
MEDJI,MANGBETU,0.0,1.0,5.0,3.0
MEKYIBO,ASHANTI,0.0,0.0,7.0,3.0
MENASSER,KABYLE,0.0,3.0,7.0,7.0
MENDE,MENDE,0.0,1.0,8.0,3.0
MERARIT,NIEA,,,,
MERINA,MERINA,0.0,2.0,7.0,7.0
MERU,MERU,0.0,3.0,5.0,7.0
MESSIRIA,MESSIRIA,0.7777777777777778,7.0,1.0,7.0
MIDOBI,MIDOBI,1.0,9.0,2.0,7.0
MIJERTEIN,SOMALI,1.0,9.0,1.0,6.0
MIMI,NIEA,,,,
MINIANKA,MINIANKA,0.0,2.0,7.0,3.0
MITTU,BONGO,0.0,1.0,5.0,3.0
MITUKU,LUBA,0.0,1.0,7.0,3.0
MOBA,MOBA,0.0,2.0,6.0,7.0
MOBER,KANURI,0.0,2.0,8.0,7.0
MOMBERA,TUMBUKA,0.0,1.0,7.0,3.0
MONDARI,MONDARI,0.2222222222222222,2.0,3.0,7.0
MONGO,MONGO,0.0,1.0,0.0,0.0
MOROCCANS,MOROCCANS,0.0,3.0,7.0,7.0
MORU,MORU,0.0,2.0,5.0,7.0
MOSSI,MOSSI,0.0,2.0,5.0,7.0
MPEZENI,NGONI,0.0,1.0,7.0,7.0
MPONGWE,MPONGWE,0.0,0.0,7.0,1.0
MUBI,NIEA,,,,
MUM,BAMUM,0.0,1.0,7.0,3.0
MUMUYE,MUMUYE,0.0,2.0,7.0,7.0
MUNDANG,MUNDANG,0.0,4.0,7.0,7.0
MUNDU,AZANDE,0.0,0.0,5.0,1.0
MURLE,DIDINGA,0.4444444444444444,4.0,2.0,7.0
MUSGU,MUSGU,0.0,2.0,7.0,7.0
MWERA,YAO,0.0,1.0,6.0,1.0
MZAB,MZAB,0.0,1.0,7.0,3.0
NAFANA,LOBI,0.0,1.0,5.0,7.0
NAIL,NAIL,0.7777777777777778,7.0,2.0,6.0
NAJI,SHAKO,0.0,2.0,6.0,7.0
NALU,BIJOGO,0.0,2.0,7.0,7.0
NAMA,NAMA,0.5555555555555556,5.0,1.0,7.0
NAMIB,KUNG,0.0,0.0,1.0,1.0
NAMSHI,NAMSHI,0.0,3.0,7.0,7.0
NANDI,NANDI,0.0,5.0,5.0,7.0
NARON,NARON,0.0,0.0,1.0,1.0
NAUDEBA,KONKOMBA,0.0,1.0,6.0,7.0
NDAKA,NDAKA,0.0,1.0,7.0,3.0
NDAMBA,HEHE,0.0,3.0,5.0,7.0
NDAU,NDAU,0.0,2.0,0.0,0.0
NDEBELE,NDEBELE,0.0,4.0,8.0,7.0
NDEMBU,NDEMBU,0.1111111111111111,1.0,4.0,3.0
NDOB,NDOB,0.0,1.0,7.0,3.0
NDOGO,BONGO,0.0,1.0,5.0,3.0
NDOKO,NDOKO,0.0,0.0,7.0,1.0
NDOMBE,HERERO,0.6666666666666666,6.0,1.0,7.0
NDORO,NDORO,0.0,1.0,7.0,3.0
NDUKA,SARA,0.0,3.0,5.0,7.0
NEFUSA,RIFFIANS,0.0,3.0,7.0,7.0
NEN,BANEN,0.0,1.0,5.0,3.0
NGALA,NGALA,0.0,1.0,7.0,3.0
NGAMA,SARA,0.0,3.0,5.0,7.0
NGANDU,LALIA,0.0,1.0,0.0,0.0
NGBANDI,NGBANDI,0.0,1.0,7.0,3.0
NGBELE,MANGBETU,0.0,1.0,5.0,3.0
NGE,NUPE,0.0,1.0,6.0,3.0
NGERE,NGERE,0.0,2.0,7.0,7.0
NGINDO,YAO,0.0,1.0,6.0,1.0
NGIZIM,NGIZIM,0.0,2.0,0.0,0.0
NGOMBE,NGOMBE,0.0,0.0,7.0,1.0
NGONGO,SONGO,0.0,1.0,7.0,3.0
NGONYELU,LUVALE,0.0,0.0,7.0,3.0
NGUMBA,NGUMBA,0.0,1.0,7.0,3.0
NGUMBE,NGUMBI,0.0,3.0,0.0,0.0
NGURU,NGULU,0.0,1.0,7.0,3.0
NGWAKETSE,TSWANA,0.0,4.0,8.0,7.0
NGWATO,TSWANA,0.0,4.0,8.0,7.0
NKOLE,NYANKOLE,0.0,4.0,5.0,7.0
NKOYA,LOZI,0.2222222222222222,2.0,3.0,7.0
NKUNDO,NKUNDO,0.0,0.0,6.0,3.0
NONO,NONO,0.0,2.0,7.0,7.0
NSAW,NSAW,0.0,1.0,7.0,3.0
NSENGA,CHEWA,0.0,1.0,7.0,7.0
NSUNGLI,NSUNGLI,0.0,1.0,7.0,3.0
NUER,NUER,0.5555555555555556,5.0,2.0,7.0
NUKWE,LOZI,0.2222222222222222,2.0,3.0,7.0
NUNUMA,NUNUMA,0.0,2.0,5.0,7.0
NUPE,NUPE,0.0,1.0,6.0,3.0
NUSAN,TSWANA,0.0,4.0,8.0,7.0
NYAKYUSA,NYAKYUSA,0.0,2.0,7.0,7.0
NYAMWEZI,NYAMWEZI,0.0,1.0,6.0,7.0
NYANEKA,NYANEKA,0.0,4.0,6.0,7.0
NYANGIYA,ACHOLI,0.0,3.0,6.0,3.0
NYANJA,NYANJA,0.0,1.0,5.0,3.0
NYARI,AMBA,0.0,1.0,6.0,3.0
NYASA,NYASA,0.0,1.0,0.0,0.0
NYIMA,NYIMA,0.0,3.0,6.0,7.0
NYORO,NYORO,0.0,2.0,5.0,7.0
NZANKARA,AZANDE,0.0,0.0,5.0,1.0
ODODOP,YAKO,0.0,1.0,7.0,7.0
OGADEN,SOMALI,1.0,9.0,1.0,6.0
OHEKWE,KUNG,0.0,0.0,1.0,1.0
SOKORO,BAGIRMI,0.0,2.0,7.0,7.0
OMETO,BASKETO,0.0,3.0,5.0,7.0
ORRI,YAKO,0.0,1.0,7.0,7.0
PADANG,DINKA,0.5555555555555556,5.0,2.0,7.0
PANDE,FANG,0.0,1.0,7.0,3.0
PARE,PARE,0.0,4.0,5.0,7.0
PARI,PARI,0.0,4.0,0.0,0.0
PEDI,PEDI,0.0,3.0,7.0,7.0
PEMBA,BAJUN,0.0,1.0,7.0,7.0
PENDE,PENDE,0.0,2.0,7.0,3.0
PEPEL,PEPEL,0.0,2.0,5.0,7.0
PIMBWE,PIMBWE,0.0,1.0,7.0,3.0
PODOKWO,PODOKWO,0.0,2.0,7.0,7.0
POGORO,HEHE,0.0,3.0,5.0,7.0
POKOMO,POKOMO,0.0,0.0,7.0,1.0
PONDO,PONDO,0.0,5.0,5.0,7.0
POPO,FON,0.0,2.0,7.0,3.0
POPOI,POPOI,0.0,1.0,7.0,3.0
POTO,POTO,0.0,1.0,7.0,3.0
PUKU,PUKU,0.0,1.0,7.0,3.0
RANGI,RANGI,0.0,3.0,5.0,7.0
REGA,REGA,0.0,1.0,8.0,3.0
REGEIBAT,REGEIBAT,0.7777777777777778,7.0,2.0,6.0
RENDILE,SOMALI,1.0,9.0,1.0,6.0
RESHE,RESHE,0.0,2.0,7.0,3.0
RESHIAT,ARBORE,0.0,4.0,7.0,7.0
RIF,RIFFIANS,0.0,3.0,7.0,7.0
RIYAH,RWALA,0.8888888888888888,8.0,1.0,6.0
ROLONG,TSWANA,0.0,4.0,8.0,7.0
RONGA,THONGA,0.0,3.0,7.0,7.0
RUANDA,RUANDA,0.0,3.0,5.0,7.0
RUARHA,NIEA,,,,
RUFFA,HASANIA,0.5555555555555556,5.0,2.0,7.0
RUMBI,RUMBI,0.0,1.0,7.0,3.0
RUNDI,RUNDI,0.0,3.0,5.0,7.0
RUNGA,NIEA,,,,
SAADI,SAADI,0.6666666666666666,6.0,2.0,6.0
SAB,SOMALI,1.0,9.0,1.0,6.0
SABEI,SAPEI,0.0,4.0,6.0,7.0
SAFWA,SAFWA,0.0,2.0,7.0,7.0
SAGARA,LUGURU,0.0,1.0,6.0,3.0
SAHEL,SAHEL,0.0,3.0,7.0,3.0
SAHO,AFAR,0.8888888888888888,8.0,2.0,6.0
SAKALAVA,SAKALAVA,0.0,5.0,6.0,7.0
SAKATA,SAKATA,0.0,0.0,7.0,3.0
SARA,SARA,0.0,3.0,5.0,7.0
SAMBURU,SAMBURU,1.0,9.0,1.0,7.0
SAMO,SAMO,0.0,1.0,7.0,3.0
SANDAWE,SANDAWE,0.0,2.0,5.0,7.0
SANGA,SANGA,0.0,1.0,7.0,3.0
SANGU,SANGU,0.0,5.0,7.0,7.0
SANUSI,SANUSI,0.6666666666666666,6.0,2.0,6.0
SANYE,ARUSI,0.5555555555555556,5.0,3.0,7.0
SAPO,SAPO,0.0,1.0,7.0,7.0
SEGEJU,BAJUN,0.0,1.0,7.0,7.0
SEKE,KPE,0.0,3.0,7.0,7.0
SELE,MBUNDU,0.0,2.0,7.0,7.0
SELIM,HASANIA,0.5555555555555556,5.0,2.0,7.0
SENA,SENA,0.0,1.0,7.0,3.0
SENGA,TUMBUKA,0.0,1.0,7.0,3.0
SENUFO,SENUFO,0.0,1.0,7.0,3.0
SERER,SERER,0.0,2.0,5.0,7.0
SHAIKIA,HASANIA,0.5555555555555556,5.0,2.0,7.0
SHAMBALA,SHAMBALA,0.0,3.0,7.0,7.0
SHASHI,VUGUSU,0.0,4.0,5.0,7.0
SHAWIA,SHAWIYA,0.3333333333333333,3.0,3.0,7.0
SHEBELLE,SOMALI,1.0,9.0,1.0,6.0
SHERBRO,SHERBRO,0.0,1.0,7.0,7.0
SHILA,SHILA,0.0,1.0,0.0,0.0
SHILLUK,SHILLUK,0.0,2.0,6.0,7.0
SHLUH,SHLUH,0.0,3.0,6.0,7.0
SHOGO,SHOGO,0.0,1.0,7.0,3.0
SHUKRIA,HASANIA,0.5555555555555556,5.0,2.0,7.0
SHUWA,SHUWA,0.6666666666666666,6.0,1.0,7.0
SIA,BOBO,0.0,2.0,5.0,3.0
SIDI,RWALA,0.8888888888888888,8.0,1.0,6.0
SIHANAKA,TANALA,0.0,2.0,7.0,7.0
SILA,NIEA,,,,
SINZA,ZINZA,0.0,3.0,5.0,7.0
SIRTICANS,RWALA,0.8888888888888888,8.0,1.0,6.0
SIWA,SIWANS,0.0,3.0,8.0,7.0
SOGA,SOGA,0.0,2.0,5.0,7.0
SOKO,SONGOLA,0.0,0.0,7.0,3.0
SOKOTO,FUTAJALON,0.0,5.0,8.0,7.0
SOLIMAN,RWALA,0.8888888888888888,8.0,1.0,6.0
SOMBA,SOMBA,0.0,3.0,7.0,7.0
SOMRAI,BAGIRMI,0.0,2.0,7.0,7.0
SONGE,SONGE,0.0,1.0,8.0,3.0
SONGHAI,SONGHAI,0.0,3.0,7.0,7.0
SONGO,LUVALE,0.0,0.0,7.0,3.0
SONGOLA,SONGOLA,0.0,0.0,7.0,3.0
SONGOMENO,NKUNDO,0.0,0.0,6.0,3.0
SONINKE,SONINKE,0.0,2.0,7.0,7.0
SONJO,SONJO,0.0,2.0,7.0,3.0
SOTHO,SOTHO,0.0,3.0,6.0,7.0
SUAFA,NIEA,,,,
SUBIA,ILA,0.3333333333333333,3.0,3.0,7.0
SUK,,,,,
SUKU,SUKU,0.0,0.0,7.0,3.0
SUKUMA,SUKUMA,0.0,3.0,5.0,7.0
SUMBWA,SUMBWA,0.0,1.0,5.0,3.0
SUNDI,SUNDI,0.0,1.0,7.0,3.0
SURI,SURI,0.0,3.0,7.0,7.0
SUSU,SUSU,0.0,2.0,7.0,7.0
SWAZI,SWAZI,0.0,2.0,6.0,7.0
TABWA,BEMBA,0.0,0.0,4.0,3.0
TAGALI,TULLISHI,0.0,3.0,6.0,7.0
TAJAKANT,RWALA,0.8888888888888888,8.0,1.0,6.0
TALODI,MESAKIN,0.0,3.0,6.0,7.0
TAMA,NIEA,,,,
TANALA,TANALA,0.0,2.0,7.0,7.0
TANGALE,BOLEWA,0.0,2.0,7.0,7.0
TANNEKWE,KUNG,0.0,0.0,1.0,1.0
TASUMSA,TRARZA,0.6666666666666666,6.0,2.0,7.0
TATOGA,TATOGA,0.7777777777777778,7.0,2.0,7.0
TAWANA,TSWANA,0.0,4.0,8.0,7.0
TAWARA,SHONA,0.0,2.0,6.0,7.0
TAZARAWA,TAZARAWA,0.0,3.0,7.0,7.0
TEDA,TEDA,0.3333333333333333,3.0,2.0,6.0
TEITA,TEITA,0.0,3.0,5.0,7.0
TEKE,TEKE,0.0,1.0,7.0,3.0
TEKNA,TEKNA,0.4444444444444444,4.0,3.0,7.0
TEM,TEM,0.0,2.0,7.0,7.0
TEMAIN,BARABRA,0.0,3.0,7.0,7.0
TEMBU,BOMVANA,0.0,4.0,0.0,0.0
TEMNE,TEMNE,0.0,2.0,8.0,7.0
TENDA,CONIAGUI,0.0,1.0,7.0,7.0
TERA,TERA,0.0,1.0,7.0,4.0
TESO,TESO,0.0,3.0,5.0,7.0
TETELA,TETELA,0.0,1.0,0.0,0.0
THONGA,THONGA,0.0,3.0,7.0,7.0
TIENGA,RESHE,0.0,2.0,7.0,3.0
TIGON,TIGON,0.0,2.0,7.0,3.0
TIGRE,TIGRE,0.8888888888888888,8.0,2.0,7.0
TIGRINYA,TIGRINYA,0.0,3.0,7.0,7.0
TIKAR,TIKAR,0.0,1.0,7.0,3.0
TIV,TIV,0.0,1.0,5.0,3.0
TLHAPING,TSWANA,0.0,4.0,8.0,7.0
TLHARU,TSWANA,0.0,4.0,8.0,7.0
TLOKWA,TSWANA,0.0,4.0,8.0,7.0
TOMA,TOMA,0.0,1.0,7.0,7.0
TONGA,PL.TONGA,0.0,2.0,6.0,7.0
TOPOKE,TOPOKE,0.0,1.0,7.0,3.0
TOPOTHA,TOPOTHA,0.5555555555555556,5.0,3.0,7.0
TORO,TORO,0.0,3.0,5.0,7.0
TOTELA,ILA,0.3333333333333333,3.0,3.0,7.0
TRARZA,TRARZA,0.6666666666666666,6.0,2.0,7.0
TRIBU,TEM,0.0,2.0,7.0,7.0
TRIPOLITANIANS,ALGERIANS,0.0,3.0,7.0,7.0
TSIMIHETY,TANALA,0.0,2.0,7.0,7.0
TUAT,SIWANS,0.0,3.0,8.0,7.0
TUBURI,TUBURI,0.0,3.0,5.0,7.0
TUKULOR,TUKULOR,0.0,4.0,7.0,7.0
TULAMA,AMHARA,0.0,3.0,6.0,7.0
TUMBUKA,TUMBUKA,0.0,1.0,7.0,3.0
TUMTUM,TULLISHI,0.0,3.0,6.0,7.0
TUNGUR,SIWANS,0.0,3.0,8.0,7.0
TUNISIANS,TUNISIANS,0.0,2.0,7.0,7.0
TURKANA,TURKANA,0.3333333333333333,3.0,2.0,7.0
TURU,TURU,0.0,5.0,5.0,7.0
TUSYAN,LOBI,0.0,1.0,5.0,7.0
UDALAN,UDALAN,0.2222222222222222,2.0,1.0,6.0
UNGA,BEMBA,0.0,0.0,4.0,3.0
UNINHABITED (Cape Verde),,,,,
UNINHABITED (Libyan Desert),,,,,
UNINHABITED (Madeira),,,,,
UNINHABITED (Mauritius),,,,,
UNINHABITED (Reunion),,,,,
UNINHABITED (Sao Tome and Principe),,,,,
UNINHABITED (Seychelles),,,,,
UNINHABITED (West Saharan Desert),,,,,
UREGU,SIWANS,0.0,3.0,8.0,7.0
VAGALA,VAGALA,0.0,2.0,7.0,3.0
VAI,VAI,0.0,2.0,7.0,7.0
VENDA,VENDA,0.0,2.0,7.0,7.0
VERE,VERE,0.0,2.0,7.0,3.0
VILI,YOMBE,0.0,1.0,7.0,3.0
WABA,SOMBA,0.0,3.0,7.0,7.0
WAKURA,MATAKAM,0.0,1.0,6.0,3.0
WALLAGA,ARUSI,0.5555555555555556,5.0,3.0,7.0
WALLO,AMHARA,0.0,3.0,6.0,7.0
WANGA,VUGUSU,0.0,4.0,5.0,7.0
WARA,SENUFO,0.0,1.0,7.0,3.0
WARAIN,RIFFIANS,0.0,3.0,7.0,7.0
WARJAWA,KATAB,0.0,1.0,7.0,3.0
WIDEKUM,WIDEKUM,0.0,1.0,0.0,0.0
WOBE,BETE,0.0,1.0,7.0,3.0
WOLOF,WOLOF,0.0,3.0,7.0,7.0
WUM,BAMILEKE,0.0,1.0,6.0,1.0
WURKUM,BOLEWA,0.0,2.0,7.0,7.0
WUTE,WUTE,0.0,1.0,7.0,3.0
XAM,XAM,0.0,0.0,1.0,1.0
XOSA,XHOSA,0.0,3.0,5.0,7.0
YAHI,ALGERIANS,0.0,3.0,7.0,7.0
YAKA,YAKA,0.0,1.0,5.0,3.0
YAKO,YAKO,0.0,1.0,7.0,7.0
YAKOMA,BANDA,0.0,1.0,5.0,3.0
YALUNKA,YALUNKA,0.0,2.0,8.0,7.0
YANGERE,BANDA,0.0,1.0,5.0,3.0
YANZI,YANZI,0.0,1.0,6.0,3.0
YAO,YAO,0.0,1.0,6.0,1.0
YEKE,YEKE,0.0,2.0,0.0,0.0
YERGUM,YERGUM,0.0,2.0,0.0,0.0
YESKWA,KATAB,0.0,1.0,7.0,3.0
YOMBE,YOMBE,0.0,1.0,7.0,3.0
YORUBA,YORUBA,0.0,1.0,7.0,3.0
YUNGUR,YUNGUR,0.0,3.0,6.0,7.0
ZAGHAWA,TEDA,0.3333333333333333,3.0,2.0,6.0
ZARAMO,LUGURU,0.0,1.0,6.0,3.0
ZEKARA,ZEKARA,0.4444444444444444,4.0,3.0,7.0
ZENEGA,ZENAGA,0.7777777777777778,7.0,2.0,6.0
ZERMA,ZERMA,0.0,4.0,7.0,7.0
ZEZURU,SHONA,0.0,2.0,6.0,7.0
ZIBAN,NIEA,,,,
ZIGULA,ZIGULA,0.0,2.0,6.0,7.0
ZIMBA,CHEWA,0.0,1.0,7.0,7.0
"ZUANDE, BATU (E)",ZUANDE,0.0,1.0,7.0,3.0
ZULU,ZULU,0.0,4.0,5.0,7.0
ZUMPER,TIV,0.0,1.0,5.0,3.0
